product,title,rating,body,Model number
Omron HEM 7143T1 Digital Bluetooth Blood Pressure Monitor with Cuff Wrapping Guide &amp; Intellisense Technology For Most Accurate Measurement,"5.0 out of 5 stars
Accurate bp monitor",5,It's accurate and reliable and affordable. Great product.,7143T1
Omron HEM 7143T1 Digital Bluetooth Blood Pressure Monitor with Cuff Wrapping Guide &amp; Intellisense Technology For Most Accurate Measurement,"4.0 out of 5 stars
Good, but....",4,"Omron is the gold standard for home bp measurement. Good instrument, but has a few drawbacks. Its diastolic reading is always higher by about 7-10 points and systolic varies widely even when measured multiple times within a few mins. Yes, bp does vary but not as much as this instrument appears to show! The cuff is another thing that needs improvement, it unrolls if not absolutely fixed very carefully.  IOW, needs lot of care & attention when using this instrument. I'd say its good, but there are better ones available.",7143T1
Omron HEM 7143T1 Digital Bluetooth Blood Pressure Monitor with Cuff Wrapping Guide &amp; Intellisense Technology For Most Accurate Measurement,"5.0 out of 5 stars
Precision and Convenience Combined",5,"I recently purchased this Blood Pressure Meter for my mom, and it has quickly become an essential part of our healthcare routine. The meter provides accurate readings of blood pressure levels, ensuring peace of mind and reliability.What sets this meter apart is its user-friendly design. It can be operated through batteries or a DC charger, making it convenient for everyday use. The indicator for correct cuff wrapping is a thoughtful addition, eliminating any guesswork.One of my favorite features is the ability to download readings onto the app. This not only allows for easy tracking but also facilitates quick consultations with physicians. Creating and sending reports through the app is a breeze, making it a valuable tool for remote healthcare.Heavily recommended for anyone in need of a dependable digital blood pressure monitoring solution. This Blood Pressure Meter is a wise investment for health and well-being.",7143T1
Omron HEM 7143T1 Digital Bluetooth Blood Pressure Monitor with Cuff Wrapping Guide &amp; Intellisense Technology For Most Accurate Measurement,"5.0 out of 5 stars
Fullfilled my wish",5,Searched and found this product in Amazon. Good value for money. Works as expected. Accurate readings.,7143T1
Omron HEM 7143T1 Digital Bluetooth Blood Pressure Monitor with Cuff Wrapping Guide &amp; Intellisense Technology For Most Accurate Measurement,"3.0 out of 5 stars
Lots of features are missing.",3,"No doubt in quality, size cup is short, accuracy is good, performance brilliant, appearance. But No date and time. Only 30 storage atleast 100 memory. Bluetooth is a just a giving to for the app download no need to use.",7143T1
Omron HEM 7143T1 Digital Bluetooth Blood Pressure Monitor with Cuff Wrapping Guide &amp; Intellisense Technology For Most Accurate Measurement,"4.0 out of 5 stars
Very useful",4,"Great product, very easy to use. Reliable and user friendly.",7143T1
Omron HEM 7143T1 Digital Bluetooth Blood Pressure Monitor with Cuff Wrapping Guide &amp; Intellisense Technology For Most Accurate Measurement,"5.0 out of 5 stars
Very good",5,Works well as expected,7143T1
Omron HEM 7143T1 Digital Bluetooth Blood Pressure Monitor with Cuff Wrapping Guide &amp; Intellisense Technology For Most Accurate Measurement,"5.0 out of 5 stars
Very good  product",5,Sateek  maap,7143T1
Omron HEM 7143T1 Digital Bluetooth Blood Pressure Monitor with Cuff Wrapping Guide &amp; Intellisense Technology For Most Accurate Measurement,"4.0 out of 5 stars
Omran bp machine",4,Good use,7143T1
Omron HEM 7143T1 Digital Bluetooth Blood Pressure Monitor with Cuff Wrapping Guide &amp; Intellisense Technology For Most Accurate Measurement,"4.0 out of 5 stars
Okay",4,"The media could not be loaded.
                



Product is okay but wireless Bluetooth takes help from YouTube videos to connect",7143T1
Omron HEM 7143T1 Digital Bluetooth Blood Pressure Monitor with Cuff Wrapping Guide &amp; Intellisense Technology For Most Accurate Measurement,"4.0 out of 5 stars
It’s a good model",4,App support is good. Readings reliable.,7143T1
Omron HEM 7143T1 Digital Bluetooth Blood Pressure Monitor with Cuff Wrapping Guide &amp; Intellisense Technology For Most Accurate Measurement,"2.0 out of 5 stars
Misguided",2,Please don't buy Showing always as high pressure. You are Misguided,7143T1
Omron HEM 7143T1 Digital Bluetooth Blood Pressure Monitor with Cuff Wrapping Guide &amp; Intellisense Technology For Most Accurate Measurement,"5.0 out of 5 stars
Gud",5,Nice,7143T1
Omron HEM 7143T1 Digital Bluetooth Blood Pressure Monitor with Cuff Wrapping Guide &amp; Intellisense Technology For Most Accurate Measurement,"3.0 out of 5 stars
BP Monitor",3,For the last one year this equipment shows good working.,7143T1
Omron HEM 7143T1 Digital Bluetooth Blood Pressure Monitor with Cuff Wrapping Guide &amp; Intellisense Technology For Most Accurate Measurement,"5.0 out of 5 stars
I find it best",5,Omron HEM 7121 Fully Automatic Digital Blood Pressure Monitor With Intellisense Technology & Cuff Wrapping is very best monitor machine for blood pressure check up. From few months we are using it. I find it easy and accurate 98% with +-5 points .it works on Battery which is included and Power charger is also included in this model which is best part this machine . I personally searched lot on net and in market then i buy this model at Amazon . And it is fit to my expectations what i search. I recommend you who want to buy blood pressure machine go for it.,7143T1
Omron HEM 7143T1 Digital Bluetooth Blood Pressure Monitor with Cuff Wrapping Guide &amp; Intellisense Technology For Most Accurate Measurement,"3.0 out of 5 stars
Improper reading",3,What is the authenticity of calibration & who will help,7143T1
Omron HEM 7143T1 Digital Bluetooth Blood Pressure Monitor with Cuff Wrapping Guide &amp; Intellisense Technology For Most Accurate Measurement,"4.0 out of 5 stars
Must have for elderly and BP patients.",4,This is a nice monitor with pulse and BP both on screen. However it could have been more accurate with inbuilt SPO2 monitor.,7143T1
Omron HEM 7143T1 Digital Bluetooth Blood Pressure Monitor with Cuff Wrapping Guide &amp; Intellisense Technology For Most Accurate Measurement,"5.0 out of 5 stars
A must for every household.",5,Really impressed with this product. Bought it when my parents visited me. It is super easy to use and much better than other competitors in the market. The strap is also of good quality. Its been 3 months and we have been using it multiple times a day due to aged parents but the battery is still holding good. So i can confirm that battery use is low. The power adapter is a very good alternative in case the batteries fail at any point of time. Only scope of improvement I would say is the connector of the strap which connects to the device could be a bit more tight fitting. Otherwise pretty impressed. This has resulted in me buying another unit for my hometown. Good work omron!,7143T1
Omron HEM 7143T1 Digital Bluetooth Blood Pressure Monitor with Cuff Wrapping Guide &amp; Intellisense Technology For Most Accurate Measurement,"5.0 out of 5 stars
Omron Product is best Product.",5,"Omron Product is best in BP monitor, as it provide accurate reading. Very Very Good Quality & Best Product .",7143T1
Omron HEM 7143T1 Digital Bluetooth Blood Pressure Monitor with Cuff Wrapping Guide &amp; Intellisense Technology For Most Accurate Measurement,"1.0 out of 5 stars
This error sign shown every time I want to replace it is under warranty",1,Error shows every time,7143T1
Omron HEM 7143T1 Digital Bluetooth Blood Pressure Monitor with Cuff Wrapping Guide &amp; Intellisense Technology For Most Accurate Measurement,"5.0 out of 5 stars
Best Quality",5,The quality was superb .The design and warranty was first classHighly Recommended,7143T1
Omron HEM 7143T1 Digital Bluetooth Blood Pressure Monitor with Cuff Wrapping Guide &amp; Intellisense Technology For Most Accurate Measurement,"5.0 out of 5 stars
A very good and trusted product",5,"I have purchased this BP measuring instrument 4 months ago. I am using this machine literally every day to check my blood pressure. This machine is working with great accuracy and I have not experienced any problems in operating it.Also, I have verified the reading obtained on Omron machine with the reading obtained on my doctor's BP machine. The Omron machine is giving accurate reading with a variation of just 5 units which is really excellent. Overall very much satisfied with the product.Also, it comes with a charger so no need to use batteries. A very good and trusted product.",7143T1
Omron HEM 7143T1 Digital Bluetooth Blood Pressure Monitor with Cuff Wrapping Guide &amp; Intellisense Technology For Most Accurate Measurement,"5.0 out of 5 stars
Amazing product.",5,"Excellent product. It is both battery operated and even we can use it with DC adapter. Good product at this price range. Accuracy is good. I wonder why this product is no longer available on Amazon, was planning to buy one more for a friend but it was not available, instead another model with same features but at a very high price was displayed. I hope it's available back soon.",7143T1
Omron HEM 7143T1 Digital Bluetooth Blood Pressure Monitor with Cuff Wrapping Guide &amp; Intellisense Technology For Most Accurate Measurement,"5.0 out of 5 stars
Value for money",5,Works well. Also cheaper than offline purchase. Has a adaptor to plug in power supply and use and can work without using batteries. A big relief as other instruments always gave trouble due to batteries exhausted exactly when neede to be used.,7143T1
Omron HEM 7143T1 Digital Bluetooth Blood Pressure Monitor with Cuff Wrapping Guide &amp; Intellisense Technology For Most Accurate Measurement,"4.0 out of 5 stars
Reliable and easy to use",4,Its a very useful product for regular monitoring. Easy to use and reliable.,7143T1
Omron HEM 7143T1 Digital Bluetooth Blood Pressure Monitor with Cuff Wrapping Guide &amp; Intellisense Technology For Most Accurate Measurement,"5.0 out of 5 stars
Worth buying",5,"Posting this review is after using the product for almost 6 months. Good product with acceptable variation in its measurements and supported by adaptor. Things to improve are: first - price are on higher side compare to other similar devices from different brands in market and second - while device connected with adaptor, there should be some power indicator (LED) to show it's successful connection with power supply Also at times it tights the arm too strongly to tolerate, which should be improve. Overall a good buy.",7143T1
Omron HEM 7143T1 Digital Bluetooth Blood Pressure Monitor with Cuff Wrapping Guide &amp; Intellisense Technology For Most Accurate Measurement,"4.0 out of 5 stars
Good Product",4,Easy to use. Gives accurate readings and product is worth the money.,7143T1
Omron HEM 7143T1 Digital Bluetooth Blood Pressure Monitor with Cuff Wrapping Guide &amp; Intellisense Technology For Most Accurate Measurement,"1.0 out of 5 stars
Charger not preset",1,It has a 6v dc input port but the charger is not provided in the box!,7143T1
Omron HEM 7143T1 Digital Bluetooth Blood Pressure Monitor with Cuff Wrapping Guide &amp; Intellisense Technology For Most Accurate Measurement,"5.0 out of 5 stars
Portable and easy to use",5,"Using it for more than 3 months. I use it to monitor my parents blood pressure regularly. Its very easy to use, my parents can also use it without any help. Also cross checked with other BP monitoring devices, it is fairly accurate.",7143T1
Omron HEM 7143T1 Digital Bluetooth Blood Pressure Monitor with Cuff Wrapping Guide &amp; Intellisense Technology For Most Accurate Measurement,"5.0 out of 5 stars
Reliable & Convenient BP Monitor",5,Product purchased was as per specifications and delivered on time. Amron BP monitor is of good quality and gives accurate readings (+- 5) . Battery lasts long and one can get more than 100 readings in the battery life. Apart from the battery the device comes with an adaptor which can be used if there is no battery. Very convenient to use and a must product in every house to keep track of your BP.,7143T1
Omron HEM 7143T1 Digital Bluetooth Blood Pressure Monitor with Cuff Wrapping Guide &amp; Intellisense Technology For Most Accurate Measurement,"5.0 out of 5 stars
Value for money",5,Once I was detected with high BP then every week I used to go to  doctor clinic for a regular check up and paying for it. Then my doctor suggested to purchase this Omron BP monitoring device to regularly chk bp at home . It’s really a good device and mostly give accurate readings. Value for money .,7143T1
Omron HEM 7143T1 Digital Bluetooth Blood Pressure Monitor with Cuff Wrapping Guide &amp; Intellisense Technology For Most Accurate Measurement,"5.0 out of 5 stars
Most Accurate BP Monitor",5,"I am frequently uses the product for regular BP check. Omron brand has most accuracy in this segment. so i trusted the product for accuracy and value for money, most of doctor trusted this brand. I recommended to others for use the product.",7143T1
Omron HEM 7143T1 Digital Bluetooth Blood Pressure Monitor with Cuff Wrapping Guide &amp; Intellisense Technology For Most Accurate Measurement,"4.0 out of 5 stars
Good but not so good",4,Product comes with a AC adapter and it works on both batteries and on AC adapter. However if AC adapter is plugged in on to the divice and if it is not connected to the power the device doesnot turn on battery. The omron connect app works by taking a photo of the reading Insted of wireless connectivity.,7143T1
Omron HEM 7143T1 Digital Bluetooth Blood Pressure Monitor with Cuff Wrapping Guide &amp; Intellisense Technology For Most Accurate Measurement,"5.0 out of 5 stars
Good product and with adapter cable",5,"Was looking for BP machine with adapter cable since previously had to replace battery very frequently. This machine comes with adapter cable do no need to use battery, but when our of home can use 4 aaa battery as well. Been using omron BP machines from a long time. This BP machine also works well with all band check, reading memory etc.",7143T1
Omron HEM 7143T1 Digital Bluetooth Blood Pressure Monitor with Cuff Wrapping Guide &amp; Intellisense Technology For Most Accurate Measurement,"5.0 out of 5 stars
Excellent instrument and extremely easy to use.",5,I am using this product for my wife to measure her BP. Extremely useful when we meet doctor with the reading that we have noted.There are below two suggestions from my side to make it more easy and user friendly :1. Arm Cuff may be little more longer / spacious to accommodate plus size people.2. Electric adopter cable may be little longer as we have to disturb the bed patients to adjust to the length of the cable at present..,7143T1
Omron HEM 7143T1 Digital Bluetooth Blood Pressure Monitor with Cuff Wrapping Guide &amp; Intellisense Technology For Most Accurate Measurement,"4.0 out of 5 stars
Comfortable and easy to use",4,You can use it on your own without help of any other person. The power adapter provided highly reduces the need of battery for operation,7143T1
Omron HEM 7143T1 Digital Bluetooth Blood Pressure Monitor with Cuff Wrapping Guide &amp; Intellisense Technology For Most Accurate Measurement,"4.0 out of 5 stars
Best BP Doctor at home",4,"Accurate readings, best to use at home, using every day",7143T1
Omron HEM 7143T1 Digital Bluetooth Blood Pressure Monitor with Cuff Wrapping Guide &amp; Intellisense Technology For Most Accurate Measurement,"4.0 out of 5 stars
Good product",4,Omron BP machine is working fine without any issue.,7143T1
Omron HEM 7143T1 Digital Bluetooth Blood Pressure Monitor with Cuff Wrapping Guide &amp; Intellisense Technology For Most Accurate Measurement,"4.0 out of 5 stars
Omron BP Monitor",4,"Good product.Brought it on Oct'22, working well till now as expected.",7143T1
Omron HEM 7143T1 Digital Bluetooth Blood Pressure Monitor with Cuff Wrapping Guide &amp; Intellisense Technology For Most Accurate Measurement,"2.0 out of 5 stars
Product is ok",2,This machine are used in daily life,7143T1
Omron HEM 7143T1 Digital Bluetooth Blood Pressure Monitor with Cuff Wrapping Guide &amp; Intellisense Technology For Most Accurate Measurement,"5.0 out of 5 stars
Accurate Home BP Monitor",5,Easy to use BP MONITOR at Home. I got this machine calibrated with Manual BP at clinic and the readings are accurate and precise. The good feature is the storing of BP readings for the last 30 cycles. The BP machine also works on AC adaptor. This is a good option to cut down on battery price. Just a note the memory feature works when ac is plugged in or when batteries are inserted. Highly recommended BP Monitor at Home.,7143T1
Omron HEM 7143T1 Digital Bluetooth Blood Pressure Monitor with Cuff Wrapping Guide &amp; Intellisense Technology For Most Accurate Measurement,"5.0 out of 5 stars
Fairly accurate BP monitor with power plug.",5,"Works as expected. We use it occasionally as and when required. I saw this being used my doctors too. The DC power jack helps since we use it occasionally, you don't want to have a low battery issue right when you need to use this.Would have been great if it could work with some modern type c power cables but either way, a good product.",7143T1
Omron HEM 7143T1 Digital Bluetooth Blood Pressure Monitor with Cuff Wrapping Guide &amp; Intellisense Technology For Most Accurate Measurement,"4.0 out of 5 stars
Decent for the Price",4,"Given that it's a plug in machine, it's more reliable than the battery operated ones. The arm cuff is pretty small, which is a concern. Other than that works pretty well. Would definitely recommend it.",7143T1
Omron HEM 7143T1 Digital Bluetooth Blood Pressure Monitor with Cuff Wrapping Guide &amp; Intellisense Technology For Most Accurate Measurement,"5.0 out of 5 stars
It functions very smoothly and accurately.",5,"I have been suffering from Hypertension for a long time,and needed to monitor my BP regularly. With my Omron Automatic Blood Pressure monitor (model -HEM 7121),I could use the apparatus myself very conveniently, easily and most important was its accuracy, as I have cross checked my BP with my family Doctor, and it was the same last month.",7143T1
Omron HEM 7143T1 Digital Bluetooth Blood Pressure Monitor with Cuff Wrapping Guide &amp; Intellisense Technology For Most Accurate Measurement,"5.0 out of 5 stars
A good product by Omron",5,"Using this from last 5 months and it's working very well.It is easy to use and the bluetooth feature helps in managing the readings in trend, which also provides data in graphical format in mobile app.",7143T1
Omron HEM 7143T1 Digital Bluetooth Blood Pressure Monitor with Cuff Wrapping Guide &amp; Intellisense Technology For Most Accurate Measurement,"4.0 out of 5 stars
Monitoring is tested and so satisfied",4,"I have tested this machine with the reading of a manual BP machine. Omron Machine 7121 reads 132/81. Whereas the manual machine read it as 126/80. So you can see there's not much difference in reading. You can see it gives a reading difference of 6-7 readings count which is fine. Also please read the instructions on how to use the cuff, it as symbols as ART which needs to be placed near the artery basically it should be pointing towards the inside of elbow and not on the outside. I hope the feedback helps to people who are looking to purchase this model. Small, light weighted and compact, easy to carry.",7143T1
Omron HEM 7143T1 Digital Bluetooth Blood Pressure Monitor with Cuff Wrapping Guide &amp; Intellisense Technology For Most Accurate Measurement,"5.0 out of 5 stars
Amazing Product With Great Accuracy",5,"I’m using this product for more than 8 months, it’s delivering best results everyday. I’m using it regularly till date I didn’t face any kind issues.I recommend everyone who is looking for good and reliable BP machine.",7143T1
Omron HEM 7143T1 Digital Bluetooth Blood Pressure Monitor with Cuff Wrapping Guide &amp; Intellisense Technology For Most Accurate Measurement,"5.0 out of 5 stars
A value for money product",5,"Such a good and must have product in every home , I'm using this from the past one year till now it's working perfectly fine. It's so easy to carry with because of its light weight and is very user-friendly too",7143T1
Omron HEM 7143T1 Digital Bluetooth Blood Pressure Monitor with Cuff Wrapping Guide &amp; Intellisense Technology For Most Accurate Measurement,"4.0 out of 5 stars
Very effective...",4,It gives you nearly accurate reading....handy and easy to use... value for money... suggested by my dr..and I suggest you all to go for it ...,7143T1
Omron HEM 7143T1 Digital Bluetooth Blood Pressure Monitor with Cuff Wrapping Guide &amp; Intellisense Technology For Most Accurate Measurement,"4.0 out of 5 stars
Shows less numbers compare to traditional mercury based equipment",4,"A bit confusing as mentioned in the review title.Prompt customer care online support.Work with Batteries or electricity, the choice is yours.Keep visiting doctors for cross-checking the BP number with traditional equipment.",7143T1
Omron HEM 7143T1 Digital Bluetooth Blood Pressure Monitor with Cuff Wrapping Guide &amp; Intellisense Technology For Most Accurate Measurement,"5.0 out of 5 stars
Check your Blood Pressure at home!",5,I liked the product very much.  It is very user friendly and I am happy with the result.,7143T1
Omron HEM 7143T1 Digital Bluetooth Blood Pressure Monitor with Cuff Wrapping Guide &amp; Intellisense Technology For Most Accurate Measurement,"5.0 out of 5 stars
Best in the price and quality... Buy it!!!",5,"Fantastic product, syncs easily with Bluetooth and fitness apps and can track records regularly..",7143T1
Omron HEM 7143T1 Digital Bluetooth Blood Pressure Monitor with Cuff Wrapping Guide &amp; Intellisense Technology For Most Accurate Measurement,"5.0 out of 5 stars
Accurate and value for money",5,I am using it from last 4  months it's give accurate reading of bp  with battery🔋 and also accurate on adapter it's easy to read even my mother who's 76 year's old she also read there's bp easily thanks to omron for good bp monitor and also thanks to Amazon,7143T1
Omron HEM 7143T1 Digital Bluetooth Blood Pressure Monitor with Cuff Wrapping Guide &amp; Intellisense Technology For Most Accurate Measurement,"4.0 out of 5 stars
Good",4,Vry useful.,7143T1
Omron HEM 7143T1 Digital Bluetooth Blood Pressure Monitor with Cuff Wrapping Guide &amp; Intellisense Technology For Most Accurate Measurement,"3.0 out of 5 stars
Excellent features. Small cuff",3,They have advertised the cuff size as 16 inches(~40 CM) while originally it's only 32 CM. I bought it for my mother with a bigger arm circumference so it won't fit. If you have normal arm circumference there won't be any issue.,7143T1
Omron HEM 7143T1 Digital Bluetooth Blood Pressure Monitor with Cuff Wrapping Guide &amp; Intellisense Technology For Most Accurate Measurement,"4.0 out of 5 stars
Nice product",4,Working as expected.,7143T1
Omron HEM 7143T1 Digital Bluetooth Blood Pressure Monitor with Cuff Wrapping Guide &amp; Intellisense Technology For Most Accurate Measurement,"5.0 out of 5 stars
Very nice bp equipment",5,Omron is superb.its a very useful bp equipment for personal as well as doctor's use.It comes with memory reading suport for some last bp readings.Always believe in omron.,7143T1
Omron HEM 7143T1 Digital Bluetooth Blood Pressure Monitor with Cuff Wrapping Guide &amp; Intellisense Technology For Most Accurate Measurement,"4.0 out of 5 stars
Handy to use.",4,It is very convenient to use. Anybody can easily use it.,7143T1
Omron HEM 7143T1 Digital Bluetooth Blood Pressure Monitor with Cuff Wrapping Guide &amp; Intellisense Technology For Most Accurate Measurement,"4.0 out of 5 stars
Like it- only once compared reading with my doctor.",4,"It is easy to operate and hope the readings are reliable. I follow the instructions every time as per the Instruction Manual. The feature ""Cuff Wrapping Guide"" is very useful for a lay person like me. I decided not to use batteries since some of the feedbacks mention unreliable readings due to variable status of batteries. I use the AC adapter-S recommended.Only once I could compare the readings with my doctor's equipment at his clinic. It was over reading by +7 in Diastolic; under reading by -3 in Systolic; and over reading by +7 in Pulse. I planned to verify the reliability during each monthly visit to my doctor.",7143T1
Omron HEM 7143T1 Digital Bluetooth Blood Pressure Monitor with Cuff Wrapping Guide &amp; Intellisense Technology For Most Accurate Measurement,"4.0 out of 5 stars
Jack is not available pl return",4,"Like, Not use",7143T1
Omron HEM 7143T1 Digital Bluetooth Blood Pressure Monitor with Cuff Wrapping Guide &amp; Intellisense Technology For Most Accurate Measurement,"4.0 out of 5 stars
It is good",4,Still I didn't notice anything yet maybe I don't know,7143T1
Omron HEM 7143T1 Digital Bluetooth Blood Pressure Monitor with Cuff Wrapping Guide &amp; Intellisense Technology For Most Accurate Measurement,"1.0 out of 5 stars
Does not work and even start. I lost my return window.",1,I had confidence in the OMRON product and AMAZON delivery but I missed my return and tested a day later after return and to my surprise it does not work.,7143T1
Omron HEM 7143T1 Digital Bluetooth Blood Pressure Monitor with Cuff Wrapping Guide &amp; Intellisense Technology For Most Accurate Measurement,"3.0 out of 5 stars
You can buy but stay alert.",3,You can buy but stay alert.,7143T1
Omron HEM 7143T1 Digital Bluetooth Blood Pressure Monitor with Cuff Wrapping Guide &amp; Intellisense Technology For Most Accurate Measurement,"5.0 out of 5 stars
Perfect BP machine for home use",5,The machine is easy to use with single hand also. The feature of using it with batteries or power source comes handy and makes the machine anywhere to use. Useful especially for senior citizens.,7143T1
Omron HEM 7143T1 Digital Bluetooth Blood Pressure Monitor with Cuff Wrapping Guide &amp; Intellisense Technology For Most Accurate Measurement,"5.0 out of 5 stars
Great buy from omron",5,As a doctor we usually use manual sphygmomanometer for Bp measurement.. But omron is almost accurate in reading Blood pressure. Thats why many Government hospitals have adopted omron for there routine screenings and monitoring. Its very easy to use and many more fuctions as add on..,7143T1
Omron HEM 7143T1 Digital Bluetooth Blood Pressure Monitor with Cuff Wrapping Guide &amp; Intellisense Technology For Most Accurate Measurement,"5.0 out of 5 stars
Perfect",5,99% accuracy,7143T1
Omron HEM 7143T1 Digital Bluetooth Blood Pressure Monitor with Cuff Wrapping Guide &amp; Intellisense Technology For Most Accurate Measurement,"5.0 out of 5 stars
Good product and reasonable cost",5,I am using this product for nearly 6 months now and can easily say it worths the money spend. It's easy to use. I bought this product as my family doctor recommend it for my parents.,7143T1
Omron HEM 7143T1 Digital Bluetooth Blood Pressure Monitor with Cuff Wrapping Guide &amp; Intellisense Technology For Most Accurate Measurement,"4.0 out of 5 stars
Good Product",4,I have got this item with electric adopter & 4 Pcs of AA Battery. Good product. easy to use. Over all Nice.,7143T1
Omron HEM 7143T1 Digital Bluetooth Blood Pressure Monitor with Cuff Wrapping Guide &amp; Intellisense Technology For Most Accurate Measurement,"4.0 out of 5 stars
Good product.",4,It is very easy to use.,7143T1
Omron HEM 7143T1 Digital Bluetooth Blood Pressure Monitor with Cuff Wrapping Guide &amp; Intellisense Technology For Most Accurate Measurement,"5.0 out of 5 stars
Fantastic Digital BP Apparatus",5,The accuracy is great and easy to use. I choose adapter over batteries as later may discharge anytime. It was not easy to move out frequently for BP monitoring thanks to Omron Digital BP apparatus... I strongly recommend it.,7143T1
Omron HEM 7143T1 Digital Bluetooth Blood Pressure Monitor with Cuff Wrapping Guide &amp; Intellisense Technology For Most Accurate Measurement,"5.0 out of 5 stars
Omron machine review",5,I have been using this machine past few months continuously...it is working good till now nd results are also accurate....i m happy with the product.,7143T1
Omron HEM 7143T1 Digital Bluetooth Blood Pressure Monitor with Cuff Wrapping Guide &amp; Intellisense Technology For Most Accurate Measurement,"4.0 out of 5 stars
Good product",4,This product work on battery + it has adapter for electric switch also,7143T1
Omron HEM 7143T1 Digital Bluetooth Blood Pressure Monitor with Cuff Wrapping Guide &amp; Intellisense Technology For Most Accurate Measurement,"5.0 out of 5 stars
Reliable BP Monitor",5,I found Omron bp monitor as a reliable and accurate product. It's easy to use and this product doesn't need battery since a power adaptor is available with it.,7143T1
Omron HEM 7143T1 Digital Bluetooth Blood Pressure Monitor with Cuff Wrapping Guide &amp; Intellisense Technology For Most Accurate Measurement,"5.0 out of 5 stars
The product quality & durability.",5,I liked the accuracy of value shown by the instrument even after one year of use. The item is worth the price paid for it.,7143T1
Omron HEM 7143T1 Digital Bluetooth Blood Pressure Monitor with Cuff Wrapping Guide &amp; Intellisense Technology For Most Accurate Measurement,"4.0 out of 5 stars
Great product. Must to have at home.",4,Nice and easy to use. Must have in every home. Easy to use record readings with omron app.,7143T1
Omron HEM 7143T1 Digital Bluetooth Blood Pressure Monitor with Cuff Wrapping Guide &amp; Intellisense Technology For Most Accurate Measurement,"5.0 out of 5 stars
Superb quality product",5,Superb quality and easy to use and maintain. The best part is its Wire & battery operated both.,7143T1
Omron HEM 7143T1 Digital Bluetooth Blood Pressure Monitor with Cuff Wrapping Guide &amp; Intellisense Technology For Most Accurate Measurement,"4.0 out of 5 stars
Nice product..very easy to use.",4,When BP is low.. results are somewhat inaccurate. Product is easy to use and worth buy.,7143T1
Omron HEM 7143T1 Digital Bluetooth Blood Pressure Monitor with Cuff Wrapping Guide &amp; Intellisense Technology For Most Accurate Measurement,"5.0 out of 5 stars
Value for money",5,Good BP monitor with Bluetooth data transfer to Omron Connect app; Got Delivered with nice appropriate additional package; Value for money;Thanks to Seller and admin,7143T1
Omron HEM 7143T1 Digital Bluetooth Blood Pressure Monitor with Cuff Wrapping Guide &amp; Intellisense Technology For Most Accurate Measurement,"4.0 out of 5 stars
Very Nice Product",4,Good Product,7143T1
Omron HEM 7143T1 Digital Bluetooth Blood Pressure Monitor with Cuff Wrapping Guide &amp; Intellisense Technology For Most Accurate Measurement,"5.0 out of 5 stars
Value for money product.",5,This BP monitor Machine is better than my earlier BP Monitoring machine of Morepen. It is very smooth and results are near to accurate. This BP Machine is having adapter also so there is no need for purchasing cells again and again to operate it.,7143T1
Omron HEM 7143T1 Digital Bluetooth Blood Pressure Monitor with Cuff Wrapping Guide &amp; Intellisense Technology For Most Accurate Measurement,"3.0 out of 5 stars
Accuracy",3,I dislike the product due to its very short pressure belt.,7143T1
Omron HEM 7143T1 Digital Bluetooth Blood Pressure Monitor with Cuff Wrapping Guide &amp; Intellisense Technology For Most Accurate Measurement,"4.0 out of 5 stars
Single touch to access",4,Battery 50% charge in  package battery,7143T1
Omron HEM 7143T1 Digital Bluetooth Blood Pressure Monitor with Cuff Wrapping Guide &amp; Intellisense Technology For Most Accurate Measurement,"4.0 out of 5 stars
Good service",4,Good product,7143T1
Omron HEM 7143T1 Digital Bluetooth Blood Pressure Monitor with Cuff Wrapping Guide &amp; Intellisense Technology For Most Accurate Measurement,"4.0 out of 5 stars
Very good",4,"Easy to use, hopefully the reading are correct & errors are less.",7143T1
Omron HEM 7143T1 Digital Bluetooth Blood Pressure Monitor with Cuff Wrapping Guide &amp; Intellisense Technology For Most Accurate Measurement,"5.0 out of 5 stars
Awesome product",5,"I’m 80 years old and its really very easy for me to handle it, it gives us accurate reading and total value for money. I suggest you all to go for it without any hesitation.",7143T1
Omron HEM 7143T1 Digital Bluetooth Blood Pressure Monitor with Cuff Wrapping Guide &amp; Intellisense Technology For Most Accurate Measurement,"5.0 out of 5 stars
Value for money...",5,Using the device for monitoring blood pressure at home. Reading are quick and near to accurate. Feature of storing last 30 readings is very useful. Easy to use with option of battery or electricity. Will highly recommend for BP Monitoring at Home.,7143T1
Omron HEM 7143T1 Digital Bluetooth Blood Pressure Monitor with Cuff Wrapping Guide &amp; Intellisense Technology For Most Accurate Measurement,"4.0 out of 5 stars
Satisfaction",4,Like,7143T1
Omron HEM 7143T1 Digital Bluetooth Blood Pressure Monitor with Cuff Wrapping Guide &amp; Intellisense Technology For Most Accurate Measurement,"4.0 out of 5 stars
Good",4,It's good.. and it shows accuracy readings.only +-5 readings error ...,7143T1
Omron HEM 7143T1 Digital Bluetooth Blood Pressure Monitor with Cuff Wrapping Guide &amp; Intellisense Technology For Most Accurate Measurement,"5.0 out of 5 stars
Good Product",5,"The product is very user friendly and accurate, 5star to the product.However the pricing is very much manupulated, I bought this for 1800 and now during the great Indian festival the price has increased to 2110..... LOL.",7143T1
Omron HEM 7143T1 Digital Bluetooth Blood Pressure Monitor with Cuff Wrapping Guide &amp; Intellisense Technology For Most Accurate Measurement,"5.0 out of 5 stars
Excellent product",5,"I have bought this bp monitor 4 months before still now it works fine. The adaptor mode usage is very useful, Even it doesn't consume much power in battery mode as well. Nice product 👍",7143T1
Omron HEM 7143T1 Digital Bluetooth Blood Pressure Monitor with Cuff Wrapping Guide &amp; Intellisense Technology For Most Accurate Measurement,"4.0 out of 5 stars
Product amazing",4,Dislike not BT,7143T1
Omron HEM 7143T1 Digital Bluetooth Blood Pressure Monitor with Cuff Wrapping Guide &amp; Intellisense Technology For Most Accurate Measurement,"4.0 out of 5 stars
Good product",4,Product quality good,7143T1
Omron HEM 7143T1 Digital Bluetooth Blood Pressure Monitor with Cuff Wrapping Guide &amp; Intellisense Technology For Most Accurate Measurement,"5.0 out of 5 stars
Nice product!!!",5,I ordered this Omron BP machine product last 6 months ago This machine  is very nice product and also very easy to use.,7143T1
Omron HEM 7143T1 Digital Bluetooth Blood Pressure Monitor with Cuff Wrapping Guide &amp; Intellisense Technology For Most Accurate Measurement,"4.0 out of 5 stars
The BP monitor has an error of 5-10 % as compared to the mannual mercury BP monitor",4,I am using the product but has accuracy of 90%.,7143T1
Omron HEM 7143T1 Digital Bluetooth Blood Pressure Monitor with Cuff Wrapping Guide &amp; Intellisense Technology For Most Accurate Measurement,"5.0 out of 5 stars
Reliable Product",5,"I’m using this for few months now. Readings are accurate enough for homely monitoring. I’m using other products too from Omron - Nebuliser, BP monitor etc.., all their products  maintain the same reliability.",7143T1
Omron HEM 7143T1 Digital Bluetooth Blood Pressure Monitor with Cuff Wrapping Guide &amp; Intellisense Technology For Most Accurate Measurement,"4.0 out of 5 stars
Different reading shown for three consecutive action.",4,Like. But 75%,7143T1
Omron HEM 7143T1 Digital Bluetooth Blood Pressure Monitor with Cuff Wrapping Guide &amp; Intellisense Technology For Most Accurate Measurement,"5.0 out of 5 stars
Excellent product",5,"Omron Blood pressure monitor received is accurate, user friendly, durable and also equipped with rechargeable battery option.Overall good product",7143T1
Omron HEM 7143T1 Digital Bluetooth Blood Pressure Monitor with Cuff Wrapping Guide &amp; Intellisense Technology For Most Accurate Measurement,"5.0 out of 5 stars
Nice product, till now no issue..",5,"I used to take BP, three times and then got the accuracy higher for reading. Easy usage, and can use by electric also through adapter.",7143T1
Omron HEM 7143T1 Digital Bluetooth Blood Pressure Monitor with Cuff Wrapping Guide &amp; Intellisense Technology For Most Accurate Measurement,"5.0 out of 5 stars
Excellent",5,Omron HEM-7121 is a great product.I recommend this for home users. It's easy to handle. blood pressure with 30 memory presets.,7143T1
Omron HEM 7143T1 Digital Bluetooth Blood Pressure Monitor with Cuff Wrapping Guide &amp; Intellisense Technology For Most Accurate Measurement,"5.0 out of 5 stars
Excellent product.....👍🏻",5,Omron blood pressure monitor  readings are very accurate and precise. it is very easy to use and built quality is also very good. As a doctor I would recommend Omron blood pressure monitor for home based blood pressure monitoring.,7143T1
Omron HEM 6232T Wrist Blood Pressure Monitor (Black),"5.0 out of 5 stars
Extremely convenient, accurate results",5,"Very simple to use , extremely convenient, much better than arm one , easily portable , has omron connect app which can be synced",6232T
Omron HEM 6232T Wrist Blood Pressure Monitor (Black),"5.0 out of 5 stars
Very compact and good",5,"If you follow the exact device instructions, you will get a correct measurement.It is a perfect and compact device for bringing in the briefcase (takes small space)",6232T
Omron HEM 6232T Wrist Blood Pressure Monitor (Black),"4.0 out of 5 stars
Easy to set up & easy to use",4,"Buy this cuff model if your wrist is big.The cuff is easier to put on in this model as compared to the other model.Easy to set up and easy to use.If you don't want to pair using Bluetooth,  you can just download omron connect app and take a picture of the reading from the all scanner.It will maintain your record in a table format, so there is no need to write in diary or paper.Use this device as an approximated idea. Just to know you're doing OK.Exact reading always a doctor will be able to get.Good value for money and small in size. But display is big enough to read.",6232T
Omron HEM 6232T Wrist Blood Pressure Monitor (Black),"1.0 out of 5 stars
Don't buy. Nothing like Omron's other machines",1,"Inaccurate, consistently shows low BP compared to Omron's other machines. Waste of money and dangerous for someone whose BP needs to be constantly monitored.",6232T
Omron HEM 6232T Wrist Blood Pressure Monitor (Black),"5.0 out of 5 stars
Most easy and accurate BP monitor",5,"Its light weight, small in size and can be carried easily in pocket or sack.  BP measurement is accurate and Omron app is very handy it can maintain the history and gives you average, daily chart etc so it very useful when you consult doctor or under BP medication.Data can be stored for 2 users. Initial bluetooth connection with app is tricky, you need to enable location as well if you are using phone with andriod 11 or up, mine is one plus 8pro, with Android 10 its seamless. Hi Overall happy with product and will recommend those need to monitor BP daily.",6232T
Omron HEM 6232T Wrist Blood Pressure Monitor (Black),"5.0 out of 5 stars
worth for money",5,"This product is an essential apparatus for day to day life. I am Kidney (CKD) patient and suffering from accelerated hypertension, so, regularly (once in 2 hours) I need to monitor my blood pressure. I bought this BP monitor and thanks to Omron for such amazing product, I verified readings with  BP monitor which doctor uses and both readings were matching. I strongly recommend this product for ones who wish to monitor their BP regularly. The best part is it has bluetooth feature which provides readings history.  Also, this monitor is so compact that carrying during travel is so easy.",6232T
Omron HEM 6232T Wrist Blood Pressure Monitor (Black),"5.0 out of 5 stars
Excellent Accuracy",5,Little costly but must go for this,6232T
Omron HEM 6232T Wrist Blood Pressure Monitor (Black),"3.0 out of 5 stars
Complicated",3,Complicated to understand and use,6232T
Omron HEM 6232T Wrist Blood Pressure Monitor (Black),"5.0 out of 5 stars
BP Monitor good App not good",5,App login is always with username password but Omron Connect app worst ever seen for any medical device. First thought BP Monitor will also be useless but later on found another third party app that connected to BP Monitor and make it usable. Otherwise without this 3rd party app BP monitor was useless and should have returned. Recomended and its good move from USB to Bluetooth except application.,6232T
Omron HEM 6232T Wrist Blood Pressure Monitor (Black),"5.0 out of 5 stars
Easy to Operate and Monitor",5,"Due to unregulated BP problem l had an urgent need to @3 hrs regular monitoring for 7 days and report it to my doctor, which helped me a lot and through the reading analysis of this product my physician prescribed proper drug for me and now my BP is under control .",6232T
Omron HEM 6232T Wrist Blood Pressure Monitor (Black),"4.0 out of 5 stars
क्यों डिफेक्ट पीस डिलेवरी करते हैं",4,हमारा अनुरोध है हमें प्रोडक्ट चैक कर भेजे समय पर उद्देश्य पुर्ण नहीं होता है परेशानी होती है समय खराब होता है।,6232T
Omron HEM 6232T Wrist Blood Pressure Monitor (Black),"4.0 out of 5 stars
Great Product",4,"This device is very useful for the day to day life of Senior Adults. I bought this product for my mother, she took a little time to get accustomed with the machine settings especially sitting posture level correction etc. But compared to other types of electronic BP monitors the accuracy is a bit high almost equal to a mercurial apparatus. It is very easy to wear on wrist without any other persons help.I am happy with this product, thanks to OMRON and AMAZON",6232T
Omron HEM 6232T Wrist Blood Pressure Monitor (Black),"4.0 out of 5 stars
Good",4,Good product,6232T
Omron HEM 6232T Wrist Blood Pressure Monitor (Black),"4.0 out of 5 stars
Usage feedback after 3 months",4,Very handy device. Easy to carry anywhereInitially I bought one device accuracy was not at par with clinical  sphygmomanometer. Nearly 10 units difference.I returned and got it replaced with another device which was very closer… with in 3 units difference.I like the product it has a very good sync with omron connect app to track regularly blood pressure…,6232T
Omron HEM 6232T Wrist Blood Pressure Monitor (Black),"5.0 out of 5 stars
Automated",5,Silent fast accurate comes in a sturdy keep box overall nice.,6232T
Omron HEM 6232T Wrist Blood Pressure Monitor (Black),"3.0 out of 5 stars
Omron HEM 6232T Wrist Blood Pressure Monitor (Black)",3,Not accurate or near to it any time.,6232T
Omron HEM 6232T Wrist Blood Pressure Monitor (Black),"5.0 out of 5 stars
Convenient and reliable",5,We have been using this BP monitor since few months.This is very easy to use since it is wrist based. Much more easy than upper arm based equipment.It is quite accurate and reliable equipment. App based syncing of data is a great feature.,6232T
Omron HEM 6232T Wrist Blood Pressure Monitor (Black),"5.0 out of 5 stars
Very good blood pressure monitor for family",5,I’m using this BP monitor for myself and for my wife and it is very convenient to keep the record history for both of us separately in single device. And record is stored on my and my wife’s mobile separately.,6232T
Omron HEM 6232T Wrist Blood Pressure Monitor (Black),"5.0 out of 5 stars
Very accurate readings, but quality varies between devices",5,"My original order got me a defective piece for which the reading went anything between 90/40 and 180/120. I don't know about others but we humans cannot stay alive while giving out such readings.I ordered a replacement and it arrived the next day. (awesome logistics Amazon!) This time the device is working almost as good as the traditional reading system. The readings almost always match what I get while getting it done professionally in a hospital. Even if there is a miss, it is never beyond 1-2 units.The interface is very simple and easy to use. It saves your history, and if you want to, syncs it over to a smartphone using bluetooth. The app is also solid. Maybe, due to privacy or whatever concerns, the developers chose not to have a sync enabled with Google Fit, which would have made it better.",6232T
Omron HEM 6232T Wrist Blood Pressure Monitor (Black),"1.0 out of 5 stars
Inaccurate BP measurement",1,"The machine always shows lower BP than actual. I first measured my BP from this machine. The reading was 107/58, then I went and got it done at a clinic, it was 130/90. I am not able to reach the company to lodge my complaint.",6232T
Omron HEM 6232T Wrist Blood Pressure Monitor (Black),"4.0 out of 5 stars
Accuracy is most important",4,"I do not how accurate it is, But I believe it will be accurate. I have spent higher amount by believing that Reading will be accurate. Otherwise BP machine available of 1000 also in market",6232T
Omron HEM 6232T Wrist Blood Pressure Monitor (Black),"5.0 out of 5 stars
Works perfectly if you can follow basic instructions",5,"Wrist based BP monitors require a bit more learning to use properly but it works perfectly fine if you use it properly (sitting at desk, correct angle, level with heart, do not move/speak during measurement).Syncs well with Apple Health, app was updated recently with a major UI overhaul, it's very good now.",6232T
Omron HEM 6232T Wrist Blood Pressure Monitor (Black),"5.0 out of 5 stars
Excellent - Wrist Blood Pressure Monitor",5,"Why i purchased this product, although i was already having a OMRON BP Monitor (ARM Based) :1) Easy to monitor blood pressure any time and anywhere w/o taking other person help.2) Data Sync with OMRON Mobile app for further analysis purpose3) Helps to correctly BP monitoring with indicator light for correct position.4) Easy to wearable on wrist w/o any other person help.I am happy to use this device...  :)",6232T
Omron HEM 6232T Wrist Blood Pressure Monitor (Black),"5.0 out of 5 stars
Easy to Use",5,"I have purchased this 2 Months back, after using it I found it's very easy to use and Measurement is At-par with Medical Professionals and variations is quite minimum. It's handy to use and carry during travel as well. Also connected with mobile to get the complete history to show to doctor for better analysis.",6232T
Omron HEM 6232T Wrist Blood Pressure Monitor (Black),"4.0 out of 5 stars
Good and sophisticated with lot of functions. Definitely recommended.",4,"This is probably the best machine, fully automated and lot of functions, including bluetooth connection to smart phone. Its pretty accurate but however, its analysis is not exactly the same with the ones done in professional laboratories. I am not hundred percent sure which one is more precise but its is good for regular monitoring at home.",6232T
Omron HEM 6232T Wrist Blood Pressure Monitor (Black),"2.0 out of 5 stars
battery backup poor",2,"Results and features are ok, but battery is draining too fast",6232T
Omron HEM 6232T Wrist Blood Pressure Monitor (Black),"3.0 out of 5 stars
typical hence not useful",3,"It is very complicated maschine ,very difficult to measure the BP due to many settings ,angle of maschine ,proper way to wear on the maschine on wrist,and to keep wrist still and unshaked during the measurement ,if posture is changed or disturbed ,there would be error ,it is only used in sitting posture on chair not on bed,over all it is not easy to use it by a common person,until making it simple like traditional BP maschine.readings found different in old traditional BP machine. there was great difference in readings in this maschine the older one.",6232T
Omron HEM 6232T Wrist Blood Pressure Monitor (Black),"4.0 out of 5 stars
Compact handy accurate",4,Very compact and handy to use,6232T
Omron HEM 6232T Wrist Blood Pressure Monitor (Black),"2.0 out of 5 stars
Not useful",2,It is not Showing the accurate readings all time. Not useful,6232T
Omron HEM 6232T Wrist Blood Pressure Monitor (Black),"1.0 out of 5 stars
Never use original batteries",1,When I purchased the unit it was more than a year old machine based on the date of import. The batteries which came with unit did not last for long with very limited use and it leaked. Luckily I found out this in time and changed to a new set of batteries. My advice- Never use the batteries that comes from OEM as it may be too old.,6232T
Omron HEM 6232T Wrist Blood Pressure Monitor (Black),"1.0 out of 5 stars
OLD PRODUCT",1,"MFD of the product is 11/2021,so the product is not value for the money.",6232T
Omron HEM 6232T Wrist Blood Pressure Monitor (Black),"5.0 out of 5 stars
Very easy to use device complimented by the omron connect application",5,I have been using traditional device to monitor blood pressure which is not very easy to carry anywhere. The wrist bp monitor is very compact and easy to carry. The BP monitor records are logged in the mobile application that can be referred to check the history/trend. Very userfriendly product.,6232T
Omron HEM 6232T Wrist Blood Pressure Monitor (Black),"2.0 out of 5 stars
Not accurate in reading...",2,Not found so accurate in reading. The second reading changes with a substantial reading difference in a few seconds. Found inaccurate. Not recommended for purchase.,6232T
Omron HEM 6232T Wrist Blood Pressure Monitor (Black),"5.0 out of 5 stars
Accurate but little expensive for a wrist type machine.",5,Readings are very close to the Mercury apparatus.,6232T
Omron HEM 6232T Wrist Blood Pressure Monitor (Black),"5.0 out of 5 stars
High accuracy product which i have seen",5,"I bought this product for my dad…it’s really very useful product with high accuracy, comfortable for use and also suggested it for my friends and family",6232T
Omron HEM 6232T Wrist Blood Pressure Monitor (Black),"5.0 out of 5 stars
Excellent machine",5,Produces same readings as manual system and works consistently. Love it. Well done Omron,6232T
Omron HEM 6232T Wrist Blood Pressure Monitor (Black),"3.0 out of 5 stars
Showing Wrong Reading",3,"After 1yr of usage, the product is showing wrong reading, Initially i thought battery might be low. But after replacing the batteries is showing same.  Didn't expect this from reputed brand like omron.",6232T
Omron HEM 6232T Wrist Blood Pressure Monitor (Black),"1.0 out of 5 stars
It never worked as expected",1,At least item arrived on time but defective,6232T
Omron HEM 6232T Wrist Blood Pressure Monitor (Black),"1.0 out of 5 stars
waste of money",1,Not give accurate result,6232T
Omron HEM 6232T Wrist Blood Pressure Monitor (Black),"5.0 out of 5 stars
Practical for travel",5,"This is a smart & small carrying BP monitor, expensive but good",6232T
Omron HEM 6232T Wrist Blood Pressure Monitor (Black),"5.0 out of 5 stars
There is nothing better than Omron",5,Trusted BRAND OmronGood Build QualityEasy to Use and Easy to carryLight Weight Compact sizeMany Pre-Warning IndicatorsPosition SensorBluetooth Connectivity with Smartphone Health AppsNot making Noisy VibrationSeparate user button,6232T
Omron HEM 6232T Wrist Blood Pressure Monitor (Black),"5.0 out of 5 stars
Very good",5,Very useful,6232T
Omron HEM 6232T Wrist Blood Pressure Monitor (Black),"5.0 out of 5 stars
Simply amazing…",5,"Love the product, it’s sleek and easy to use. I have been using Omron products for quite sometime now and love the build quality. Recommend it to folks who need a compact and accurate device to carry with them.",6232T
Omron HEM 6232T Wrist Blood Pressure Monitor (Black),"2.0 out of 5 stars
Product is hard to use !!",2,"I purchased HEM-6232T two weeks back, and it is frustatingly hard to use. I tried it on 3 members (2 in the mid 30s, and 1 in mid 60s) of my family and not one reading is normal. Reached out to customer service and they gave a whole bunch of instructions and reason why BP might be low. I wish I had got the normal BP monitor (I have two which we used to use but stopped working) where you could put the sleeve around your biceps. The product itself is well built just that at this point I have not got any accurate readings.My trial and error approach to figure out what is wrong, is still ongoing :(",6232T
Omron HEM 6232T Wrist Blood Pressure Monitor (Black),"5.0 out of 5 stars
Excellent Product, Must have for Home user",5,"Excellent useful feature rich Product by omron, Easy to use, It gives Average of three days BP on a press of a button. Bluetooth connectivity. Must have one for home",6232T
Omron HEM 6232T Wrist Blood Pressure Monitor (Black),"5.0 out of 5 stars
Very good",5,It’s very good and recommend that it should be in every family.,6232T
Omron HEM 6232T Wrist Blood Pressure Monitor (Black),"3.0 out of 5 stars
Inconsistent readings",3,"BP MACHINE ARE 2TYPES..1)ARM BP MACHINES, 2) Wrist bp machine ..Wrist bp Machine are generally inaccurate.Compare to ARM bp machine....so if ur looking for high accuracy...go for ARM bp machine. THANKS TO AMAZON FOR REFUND MY MONEY...AMAZON NEVER DISAPPOINTS... customer oriented company. I.e amazon...",6232T
Omron HEM 6232T Wrist Blood Pressure Monitor (Black),"3.0 out of 5 stars
Huge deviation",3,"It starts with very high reading, and we have to take minimum three reading, and there is difference of almost 20 points decreasing from first to third reading.Everytime I check, it start with for example 140/105 and then 130/95 and the last one will be 115/85. It's very much confusing",6232T
Omron HEM 6232T Wrist Blood Pressure Monitor (Black),"1.0 out of 5 stars
Most irreliable BP monitor",1,"Total inaccurancy. Difference of 20 in each systolic n diastolic each time chkg BP. Was severely indisposed with high fever, hence missed date of return wíndow. Pl return my amt in gud faith or will approach consumer grievance cell n lodge a complaint.",6232T
Omron HEM 6232T Wrist Blood Pressure Monitor (Black),"5.0 out of 5 stars
Excellent prody",5,"1. The product is a little marvel of medical technology.2. Extremely easy to use, keep and travel with.3.  Readings are consistent4. Comes with a nice sturdy compact case.5. Price may be high but recommended for hypertensive patients who travel.",6232T
Omron HEM 6232T Wrist Blood Pressure Monitor (Black),"4.0 out of 5 stars
may require to replace the instrument.",4,"The instrument is not giving proper reading but showing low readings. I am checking several times, if not right, please replace by another.",6232T
Omron HEM 6232T Wrist Blood Pressure Monitor (Black),"1.0 out of 5 stars
Not accurate not recommended 👎🏻 !",1,"It gives highly false readings and I have exhausted 7 day return window. So if you still wish to buy, open & check the product immediately and return if it gives false readings. There is one comparison in the photo and other I checked it against manual at doctor. This monitor gave me readings of 111/141 while the manual gave 80/140 . So it’s highly inaccurate. I don’t recommend this as per my experience!",6232T
Omron HEM 6232T Wrist Blood Pressure Monitor (Black),"4.0 out of 5 stars
Portable and accurate !!!",4,Product really gives fast n accurate reading..also very portable so carrying it is quite easy .Utterly bad packing by the seller ..should wrap it in bubble pack before dispatching .,6232T
Omron HEM 6232T Wrist Blood Pressure Monitor (Black),"5.0 out of 5 stars
Nice product",5,Quite Accurate device,6232T
Omron HEM 6232T Wrist Blood Pressure Monitor (Black),"5.0 out of 5 stars
Very useful",5,It's more than 2months I  bought it from Amazon and regularly using. I feel it's convenient and also very personalized. You can carry the readings to your physician by transferring the data details on ur android phone. Only requires some practice to position your wrist to ur heart level.,6232T
Omron HEM 6232T Wrist Blood Pressure Monitor (Black),"4.0 out of 5 stars
Good",4,Good,6232T
Omron HEM 6232T Wrist Blood Pressure Monitor (Black),"3.0 out of 5 stars
Not much suitable to use for elderly people above 65 years",3,For elderly people measurement is not easy.It gives frequently errors,6232T
Omron HEM 6232T Wrist Blood Pressure Monitor (Black),"5.0 out of 5 stars
Best in Class",5,"Best BP monitor, All ways trust this Brand ,Don't compare it with Cheap Brands",6232T
Omron HEM 6232T Wrist Blood Pressure Monitor (Black),"4.0 out of 5 stars
Omran Wrist BP monitor.",4,Most useful device to monitor Blood pressure any time as it can be carried in pocket also.,6232T
Omron HEM 6232T Wrist Blood Pressure Monitor (Black),"1.0 out of 5 stars
Bakwas",1,Ek dum bakwas zhootaBhul ke maar lenaWapas karna pada,6232T
Omron HEM 6232T Wrist Blood Pressure Monitor (Black),"5.0 out of 5 stars
A small wonder",5,"The product is good, works silently and delivers good results. Unfortunately I had to return as my wrist was too small for it. Any average built person can use it effortlessly.",6232T
Omron HEM 6232T Wrist Blood Pressure Monitor (Black),"3.0 out of 5 stars
Inaccurate readings",3,It's giving abnormally high and inaccurate readings.,6232T
Omron HEM 6232T Wrist Blood Pressure Monitor (Black),"5.0 out of 5 stars
Accuracy",5,It's absolutely lvery simple to use,6232T
Omron HEM 6232T Wrist Blood Pressure Monitor (Black),"4.0 out of 5 stars
Perfect and Handy wrist  BP monitor machine",4,Good product. Almost perfect accurate readings when compared with Analogue BP machine. Easy to carry.Good feature of memory of last readings for two persons ...overall good product,6232T
Omron HEM 6232T Wrist Blood Pressure Monitor (Black),"5.0 out of 5 stars
Good Product",5,"Convenient to use on wrist wrt arm, especially in cold winter when you are wearing woolen clothes. Bluetooth connectivity and Omron app dashboard data are good.",6232T
Omron HEM 6232T Wrist Blood Pressure Monitor (Black),"4.0 out of 5 stars
Good one.",4,"Value for money, but only it had worked in DC also.",6232T
Omron HEM 6232T Wrist Blood Pressure Monitor (Black),"5.0 out of 5 stars
Good",5,Good,6232T
Omron HEM 6232T Wrist Blood Pressure Monitor (Black),"1.0 out of 5 stars
Poor Performance",1,"Not a single time it has given accurate BP on wrist, it always have BP in below 3 digit number.having wrong BP monitoring will only impact your health",6232T
Omron HEM 6232T Wrist Blood Pressure Monitor (Black),"5.0 out of 5 stars
pocket rocket",5,Its very accurate and its hands down the most portable bp apparatus in the world,6232T
Omron HEM 6232T Wrist Blood Pressure Monitor (Black),"4.0 out of 5 stars
Go for it",4,"Good one for EASY use, compect one touch operation.",6232T
Omron HEM 6232T Wrist Blood Pressure Monitor (Black),"5.0 out of 5 stars
Great Handy portable BP monitor",5,"Product is compact and easy to handle, it is very portable, takes BP reading very quickly.",6232T
Omron HEM 6232T Wrist Blood Pressure Monitor (Black),"5.0 out of 5 stars
Compact and reliable",5,In the initial period I compared the readings to the manual BP apparatus which was comparable.,6232T
Omron HEM 6232T Wrist Blood Pressure Monitor (Black),"5.0 out of 5 stars
One of the finest wrist BP monitors",5,"One of the best in Wrist BP monitors, with ease of use ,with  right position indicator, absolutely noiceless, good battery backup, and most importantly -accuracy !Go for it !",6232T
Omron HEM 6232T Wrist Blood Pressure Monitor (Black),"5.0 out of 5 stars
Good product",5,Good product through Little bit price is high,6232T
Omron HEM 6232T Wrist Blood Pressure Monitor (Black),"1.0 out of 5 stars
Worst product to buy",1,"1. It is always wrong. Shows incorrect BP.2. Instructions say u have to adjust, u keep adjusting and then it keeps changing readings. The readings are never close to 3 other devices which show close readings of BP.3. I requested return as I want to buy some other device. More than 12 days, no pickup. Ordered on 13.12 and today is 25.12.Lousy service, useless device.Don't buy",6232T
Omron HEM 6232T Wrist Blood Pressure Monitor (Black),"5.0 out of 5 stars
Good BP meter",5,"One of the good in Wrist BP monitors, with ease of use ,with right position indicator, good battery backup, and accuracy.",6232T
Omron HEM 6232T Wrist Blood Pressure Monitor (Black),"2.0 out of 5 stars
Inconsistent readinds, not value for money!",2,"While it was taken for comfort and ease, being a wrist mounted BP monitor, readings are inconsistent and on much lower side! Tried two different units but with similar experience! Connection with mobike app is a good feature. Returning the product. Not value for money.",6232T
Omron HEM 6232T Wrist Blood Pressure Monitor (Black),"2.0 out of 5 stars
Giving false result",2,For measuring blood pressure,6232T
Omron HEM 6232T Wrist Blood Pressure Monitor (Black),"5.0 out of 5 stars
Happy with the product",5,Really like the product & will recommend it to friends & family,6232T
Omron HEM 6232T Wrist Blood Pressure Monitor (Black),"3.0 out of 5 stars
Measurment",3,The measurments are not very accurate,6232T
Omron HEM 6232T Wrist Blood Pressure Monitor (Black),"5.0 out of 5 stars
Working perfectly",5,"Writing this review after few months use. Working perfectly. Very easy to use, light weight and takes reading fast. Connecting with Bluetooth is easy. Recommend 👍",6232T
Omron HEM 6232T Wrist Blood Pressure Monitor (Black),"4.0 out of 5 stars
Go For Another!!!",4,It keeps on giving a fluctuating result,6232T
Omron HEM 6232T Wrist Blood Pressure Monitor (Black),"1.0 out of 5 stars
Disappointed.",1,"The reading was way off consistently. Gave extremely high readings. Waste of money. Avoid purchasing this.Additionally, over a period of time I have realized, in general the arm one is better than the wrist one.",6232T
Omron HEM 6232T Wrist Blood Pressure Monitor (Black),"1.0 out of 5 stars
Trash product",1,"Absolute trash product . Worked fine for tee days ,then showing totally wrong reading..",6232T
Omron HEM 6232T Wrist Blood Pressure Monitor (Black),"5.0 out of 5 stars
Just go for it!",5,"This is one of the best BP monitors! Very travel friendly. The accuracy of the readings are also good. Connect with the phone via Bluetooth, all the readings are backed up! There are two user options.",6232T
Omron HEM 6232T Wrist Blood Pressure Monitor (Black),"5.0 out of 5 stars
It’s worth it!",5,Excellent machine and it’s very accurate. Paired with my IPhone. iPhone health app automatically detects the measurements from omron connect. Highly recommend product.,6232T
Omron HEM 6232T Wrist Blood Pressure Monitor (Black),"5.0 out of 5 stars
Satisfied in all aspects",5,For checking BP,6232T
Omron HEM 6232T Wrist Blood Pressure Monitor (Black),"5.0 out of 5 stars
Good accuracy and easy to use",5,The media could not be loaded.,6232T
Omron HEM 6232T Wrist Blood Pressure Monitor (Black),"5.0 out of 5 stars
Best in price",5,My father who doesn't know more about electronic medical devices is able to use this easily.Accuracy : Some times give irrelevant results but in second try display correct one.,6232T
Omron HEM 6232T Wrist Blood Pressure Monitor (Black),"5.0 out of 5 stars
Awesome",5,This is so easy n full of new technology bp monitor. I loved this product.,6232T
Omron HEM 6232T Wrist Blood Pressure Monitor (Black),"5.0 out of 5 stars
User friendly and a very innovative product",5,My Doctor is happy with its accuracy level. I believe its a value for money choice.,6232T
Omron HEM 6232T Wrist Blood Pressure Monitor (Black),"2.0 out of 5 stars
Not compatible with the app",2,This item was sold by cloud tail. They do not stamp your warranty so it is not valid if you have problems. Secondly the monitor is not  compatible with the app and does not work through blue tooth. Why they advertise this if it does not work in India.,6232T
Omron HEM 6232T Wrist Blood Pressure Monitor (Black),"4.0 out of 5 stars
Good item",4,Good item,6232T
Omron HEM 6232T Wrist Blood Pressure Monitor (Black),"5.0 out of 5 stars
Helpfull 'for all, all time'",5,Very easy to use and most convenient BP Monitor. Thanks OMRON.,6232T
Omron HEM 6232T Wrist Blood Pressure Monitor (Black),"5.0 out of 5 stars
Compact & Handy",5,Very nice product. Using from day 1. Accurate & compact. Handy to carry even in ladies bag. Fully satisfied with the product.,6232T
Omron HEM 6232T Wrist Blood Pressure Monitor (Black),"4.0 out of 5 stars
Good",4,Thanks,6232T
Omron HEM 6232T Wrist Blood Pressure Monitor (Black),"4.0 out of 5 stars
Feedback",4,Good,6232T
Omron HEM 6232T Wrist Blood Pressure Monitor (Black),"2.0 out of 5 stars
Faulty in the equipment",2,"Dear Sir ,There is a faulty in the equipment as it gives different readings in short period interval of time . Kindly let us know how can we replace it with newThanks",6232T
Omron HEM 6232T Wrist Blood Pressure Monitor (Black),"1.0 out of 5 stars
Stopped working after 6 months",1,Having E3/ E5 errors - meaning the strap has leakage,6232T
Omron HEM 6232T Wrist Blood Pressure Monitor (Black),"2.0 out of 5 stars
This wrist BPM reading widely varies with reading taken by upper arm BPM of same OMRON make",2,"The blood pressure measurements of this wrist BPM widely varies when compared to reading by upper arm BPM of same OMRON make, taken simultaneously.",6232T
Omron HEM 7120 Fully Automatic Digital Blood Pressure Monitor With Intellisense Technology For Most Accurate Measurement - Arm Circumference (22-32Cm),"5.0 out of 5 stars
A Life-Saving Investment - Accurate and Easy to Use BP Machine!",5,"Rating: 5/5 starsI'm thrilled to share my experience with this BP machine, which has been a game-changer for my family, especially my mom. She has health issues that require frequent blood pressure checks, and previously, she had to visit a clinic or hospital to get her BP checked, which was not only inconvenient but also expensive.Deciding to buy this BP machine was one of the best decisions I've made. It's incredibly easy to operate, and my mom can use it comfortably by herself. The machine is very accurate, and we've compared the readings with those from professional equipment, which have been spot on.The entire family can use it, and it's become an essential tool for our health monitoring. The price was reasonable, and I consider it a valuable investment in our health.We've been using it for a month now, and we're extremely satisfied. No issues with operation, and the results are always consistent. I'm so relieved that my mom can now check her BP conveniently and regularly.Thanks to the manufacturer for creating such a user-friendly and accurate BP machine. I highly recommend it to anyone who needs to monitor their blood pressure regularly.Pros:- Easy to operate- Accurate readings- Comfortable to use- Reasonable price- Essential tool for health monitoringCons: None!",7120
Omron HEM 7120 Fully Automatic Digital Blood Pressure Monitor With Intellisense Technology For Most Accurate Measurement - Arm Circumference (22-32Cm),"4.0 out of 5 stars
Moderate Satisfaction with the Automatic Digital Blood Pressure Monitor",4,"After using the Automatic Digital Blood Pressure Monitor for a while, I have some mixed feelings about its performance. One notable aspect is the need to measure blood pressure at least three times and then average out the values to get a more accurate reading. While this process does provide a better estimation of blood pressure, it can be a bit time-consuming and inconvenient.One of the concerns I've encountered is the inconsistency in results. Not every reading appears to be entirely accurate, which can be a bit concerning when relying on this device for health monitoring. However, for general home use, it still serves its purpose reasonably well. It provides a rough idea of blood pressure trends over time, which can be helpful for monitoring overall health.Overall, while the Automatic Digital Blood Pressure Monitor may not always deliver pinpoint accuracy with every reading, it is suitable for home use and can provide valuable insights into blood pressure trends. It's a convenient tool to have on hand, but it's essential not to rely entirely on its readings for critical health decisions.",7120
Omron HEM 7120 Fully Automatic Digital Blood Pressure Monitor With Intellisense Technology For Most Accurate Measurement - Arm Circumference (22-32Cm),"5.0 out of 5 stars
Great product.",5,The readings were accurate and it's very easy to use.,7120
Omron HEM 7120 Fully Automatic Digital Blood Pressure Monitor With Intellisense Technology For Most Accurate Measurement - Arm Circumference (22-32Cm),"5.0 out of 5 stars
Good reliable product.",5,I find this product the best in its class. I had purchase some other products but return them as the reading was not correct.,7120
Omron HEM 7120 Fully Automatic Digital Blood Pressure Monitor With Intellisense Technology For Most Accurate Measurement - Arm Circumference (22-32Cm),"4.0 out of 5 stars
Superb product",4,A very good product from OMRON JAPAN it shows accurate BP value....👍👍👍👍👍,7120
Omron HEM 7120 Fully Automatic Digital Blood Pressure Monitor With Intellisense Technology For Most Accurate Measurement - Arm Circumference (22-32Cm),"5.0 out of 5 stars
Good product",5,ordered for my mother and family it's a very handy and easy to use,7120
Omron HEM 7120 Fully Automatic Digital Blood Pressure Monitor With Intellisense Technology For Most Accurate Measurement - Arm Circumference (22-32Cm),"3.0 out of 5 stars
Giving result is correct or not",3,This product is good it’s results are satisfactory.,7120
Omron HEM 7120 Fully Automatic Digital Blood Pressure Monitor With Intellisense Technology For Most Accurate Measurement - Arm Circumference (22-32Cm),"3.0 out of 5 stars
Product is powerful - it's a nice one and no issues at all.",3,"Product Review:The product is well-made and fits our hand measurements perfectly. We conducted several rounds of checks, and everything appears to be in order.Rating Adjustment:Unfortunately, I had a disappointing experience with this order from Amazon. Despite placing multiple orders, only one item was delivered. The internal investigation was unsatisfactory, as the case was closed with a “rejected” status without any explanation. The issue might have been resolved if the package dimensions had been properly understood as described.I suppose I’ll have to accept this outcome for now.",7120
Omron HEM 7120 Fully Automatic Digital Blood Pressure Monitor With Intellisense Technology For Most Accurate Measurement - Arm Circumference (22-32Cm),"4.0 out of 5 stars
Quality of the product reduced",4,"I bought the same product many years ago but the quality of the product has decreased over the years. The screen is short, the arm grip also short. No multiple reading available",7120
Omron HEM 7120 Fully Automatic Digital Blood Pressure Monitor With Intellisense Technology For Most Accurate Measurement - Arm Circumference (22-32Cm),"4.0 out of 5 stars
Review after 6-months of usage",4,"Built quality was good,some times shows inaccurate reading take 10% error possibility",7120
Omron HEM 7120 Fully Automatic Digital Blood Pressure Monitor With Intellisense Technology For Most Accurate Measurement - Arm Circumference (22-32Cm),"4.0 out of 5 stars
Works as expected",4,Works as expected,7120
Omron HEM 7120 Fully Automatic Digital Blood Pressure Monitor With Intellisense Technology For Most Accurate Measurement - Arm Circumference (22-32Cm),"4.0 out of 5 stars
good",4,Nice product,7120
Omron HEM 7120 Fully Automatic Digital Blood Pressure Monitor With Intellisense Technology For Most Accurate Measurement - Arm Circumference (22-32Cm),"4.0 out of 5 stars
Good quality",4,Product quality is good. The device runs with 4 batteries which is provided with the device. It can also be used with a adapter but the adapter is not provided with it.,7120
Omron HEM 7120 Fully Automatic Digital Blood Pressure Monitor With Intellisense Technology For Most Accurate Measurement - Arm Circumference (22-32Cm),"4.0 out of 5 stars
Machine quality is good",4,Good to quality wise,7120
Omron HEM 7120 Fully Automatic Digital Blood Pressure Monitor With Intellisense Technology For Most Accurate Measurement - Arm Circumference (22-32Cm),"4.0 out of 5 stars
Bahut hi accha product hai",4,Esko liye hmko 1 year ho gya hai abhi bhi acche se work kr rha hai,7120
Omron HEM 7120 Fully Automatic Digital Blood Pressure Monitor With Intellisense Technology For Most Accurate Measurement - Arm Circumference (22-32Cm),"4.0 out of 5 stars
Some time result not stable",4,If I change the fingure bp result in this device show large difference instantly. 20-40 number change.,7120
Omron HEM 7120 Fully Automatic Digital Blood Pressure Monitor With Intellisense Technology For Most Accurate Measurement - Arm Circumference (22-32Cm),"4.0 out of 5 stars
Good product",4,Good product,7120
Omron HEM 7120 Fully Automatic Digital Blood Pressure Monitor With Intellisense Technology For Most Accurate Measurement - Arm Circumference (22-32Cm),"4.0 out of 5 stars
Different reading",4,Don't know that it is working correct or not. Giving different reading always,7120
Omron HEM 7120 Fully Automatic Digital Blood Pressure Monitor With Intellisense Technology For Most Accurate Measurement - Arm Circumference (22-32Cm),"4.0 out of 5 stars
Reliable and Easy to Use",4,"The digital blood pressure monitor is a convenient and user-friendly tool for tracking your blood pressure at home. It offers a clear, easy-to-read display and typically provides accurate measurements quickly. While it’s not a substitute for professional medical advice or equipment, it's a useful device for keeping an eye on your blood pressure. Overall, it's a decent option for regular monitoring and is generally reliable for home use.",7120
Omron HEM 7120 Fully Automatic Digital Blood Pressure Monitor With Intellisense Technology For Most Accurate Measurement - Arm Circumference (22-32Cm),"4.0 out of 5 stars
Good product",4,"Prime Scam: Every time late delivery (5 days delivery or delivery attempted). Nobody has a proper response.Customer service: all people have the same dialogue. Good Acting.Prime Scam, Offer Scam, Money Scam, Delivery 10 pm scam, tracking view also scam.",7120
Omron HEM 7120 Fully Automatic Digital Blood Pressure Monitor With Intellisense Technology For Most Accurate Measurement - Arm Circumference (22-32Cm),"4.0 out of 5 stars
About Device",4,Good and useful one,7120
Omron HEM 7120 Fully Automatic Digital Blood Pressure Monitor With Intellisense Technology For Most Accurate Measurement - Arm Circumference (22-32Cm),"4.0 out of 5 stars
good product packing",4,good product,7120
Omron HEM 7120 Fully Automatic Digital Blood Pressure Monitor With Intellisense Technology For Most Accurate Measurement - Arm Circumference (22-32Cm),"4.0 out of 5 stars
Accurate results",4,It was quick to use but at some point the machine gets stuck and don’t show any data which was quite frustrating,7120
Omron HEM 7120 Fully Automatic Digital Blood Pressure Monitor With Intellisense Technology For Most Accurate Measurement - Arm Circumference (22-32Cm),"4.0 out of 5 stars
Missing battery",4,Got the item. But battery is found missing.,7120
Omron HEM 7120 Fully Automatic Digital Blood Pressure Monitor With Intellisense Technology For Most Accurate Measurement - Arm Circumference (22-32Cm),"4.0 out of 5 stars
Nice Product and safety packaging",4,"Product wise it is good.However, the AA battery is not included, but why they are mentioning it image those thing’s. I am giving the rate 4/5 out of 5 based on the usages.",7120
Omron HEM 7120 Fully Automatic Digital Blood Pressure Monitor With Intellisense Technology For Most Accurate Measurement - Arm Circumference (22-32Cm),"4.0 out of 5 stars
Acurate",4,The reading shown by this device is 100% accurate,7120
Omron HEM 7120 Fully Automatic Digital Blood Pressure Monitor With Intellisense Technology For Most Accurate Measurement - Arm Circumference (22-32Cm),"4.0 out of 5 stars
Quality",4,Quality of the product looks good.,7120
Omron HEM 7120 Fully Automatic Digital Blood Pressure Monitor With Intellisense Technology For Most Accurate Measurement - Arm Circumference (22-32Cm),"4.0 out of 5 stars
Usefull product",4,Good one.But we shouldn't shake while on the process.,7120
Omron HEM 7120 Fully Automatic Digital Blood Pressure Monitor With Intellisense Technology For Most Accurate Measurement - Arm Circumference (22-32Cm),"4.0 out of 5 stars
Good one",4,Good one,7120
Omron HEM 7120 Fully Automatic Digital Blood Pressure Monitor With Intellisense Technology For Most Accurate Measurement - Arm Circumference (22-32Cm),"5.0 out of 5 stars
Best BP monitoring",5,It gives accurate but +-3 in both measurements.Good machine for regular checking,7120
Omron HEM 7120 Fully Automatic Digital Blood Pressure Monitor With Intellisense Technology For Most Accurate Measurement - Arm Circumference (22-32Cm),"5.0 out of 5 stars
Good",5,Ya blood pressure ko acche se major karta hai aur battery ko bhi bahut kam consume karta hai,7120
Omron HEM 7120 Fully Automatic Digital Blood Pressure Monitor With Intellisense Technology For Most Accurate Measurement - Arm Circumference (22-32Cm),"5.0 out of 5 stars
very good",5,Excellent Medication box. Only negative is that there is no switch for temperature changing,7120
Omron HEM 7120 Fully Automatic Digital Blood Pressure Monitor With Intellisense Technology For Most Accurate Measurement - Arm Circumference (22-32Cm),"5.0 out of 5 stars
Good one",5,Working fine and perfectly,7120
Omron HEM 7120 Fully Automatic Digital Blood Pressure Monitor With Intellisense Technology For Most Accurate Measurement - Arm Circumference (22-32Cm),"5.0 out of 5 stars
Very good products",5,All are OK,7120
Omron HEM 7120 Fully Automatic Digital Blood Pressure Monitor With Intellisense Technology For Most Accurate Measurement - Arm Circumference (22-32Cm),"5.0 out of 5 stars
Good",5,Good measuring,7120
Omron HEM 7120 Fully Automatic Digital Blood Pressure Monitor With Intellisense Technology For Most Accurate Measurement - Arm Circumference (22-32Cm),"5.0 out of 5 stars
Nice product",5,,7120
Omron HEM 7120 Fully Automatic Digital Blood Pressure Monitor With Intellisense Technology For Most Accurate Measurement - Arm Circumference (22-32Cm),"5.0 out of 5 stars
GOOD",5,GOOD,7120
Omron HEM 7120 Fully Automatic Digital Blood Pressure Monitor With Intellisense Technology For Most Accurate Measurement - Arm Circumference (22-32Cm),"5.0 out of 5 stars
Good",5,Good,7120
Omron HEM 7120 Fully Automatic Digital Blood Pressure Monitor With Intellisense Technology For Most Accurate Measurement - Arm Circumference (22-32Cm),"5.0 out of 5 stars
BP monitors",5,Moroni is the best product in the market .,7120
Omron HEM 7120 Fully Automatic Digital Blood Pressure Monitor With Intellisense Technology For Most Accurate Measurement - Arm Circumference (22-32Cm),"5.0 out of 5 stars
Good",5,Good product. Every family should keep one,7120
Omron HEM 7120 Fully Automatic Digital Blood Pressure Monitor With Intellisense Technology For Most Accurate Measurement - Arm Circumference (22-32Cm),"5.0 out of 5 stars
Does the job !",5,Battery drains fast.Otherwise good product.Correct measurement.,7120
Omron HEM 7120 Fully Automatic Digital Blood Pressure Monitor With Intellisense Technology For Most Accurate Measurement - Arm Circumference (22-32Cm),"5.0 out of 5 stars
Most affordable.",5,Its most affordable and value for money product.,7120
Omron HEM 7120 Fully Automatic Digital Blood Pressure Monitor With Intellisense Technology For Most Accurate Measurement - Arm Circumference (22-32Cm),"5.0 out of 5 stars
Nice",5,Best,7120
Omron HEM 7120 Fully Automatic Digital Blood Pressure Monitor With Intellisense Technology For Most Accurate Measurement - Arm Circumference (22-32Cm),"5.0 out of 5 stars
Good product",5,Good product,7120
Omron HEM 7120 Fully Automatic Digital Blood Pressure Monitor With Intellisense Technology For Most Accurate Measurement - Arm Circumference (22-32Cm),"4.0 out of 5 stars
Good",4,Nice,7120
Omron HEM 7120 Fully Automatic Digital Blood Pressure Monitor With Intellisense Technology For Most Accurate Measurement - Arm Circumference (22-32Cm),"5.0 out of 5 stars
Good result",5,very useful and good product,7120
Omron HEM 7120 Fully Automatic Digital Blood Pressure Monitor With Intellisense Technology For Most Accurate Measurement - Arm Circumference (22-32Cm),"3.0 out of 5 stars
Writing a review after using the product for 1 whole year!",3,I actually have ordered this for my parents the main advantage of it is it is easy to use and easy to maintain and the cons are the instrument is not too accurate and we need to calculate an error rate of 5% changeHope this review helps in buying you this product!!,7120
Omron HEM 7120 Fully Automatic Digital Blood Pressure Monitor With Intellisense Technology For Most Accurate Measurement - Arm Circumference (22-32Cm),"5.0 out of 5 stars
Must buy",5,"For health concern, it is very good product. Must buy to monitor your blood pressure. May use with average reading of 3 times with 5 min gap to get parameters for blood pressure.",7120
Omron HEM 7120 Fully Automatic Digital Blood Pressure Monitor With Intellisense Technology For Most Accurate Measurement - Arm Circumference (22-32Cm),"5.0 out of 5 stars
Good for health",5,Very good product,7120
Omron HEM 7120 Fully Automatic Digital Blood Pressure Monitor With Intellisense Technology For Most Accurate Measurement - Arm Circumference (22-32Cm),"5.0 out of 5 stars
Good one!",5,Works fine. The wrap is big enough for any arm size. Shows consistent readings.,7120
Omron HEM 7120 Fully Automatic Digital Blood Pressure Monitor With Intellisense Technology For Most Accurate Measurement - Arm Circumference (22-32Cm),"5.0 out of 5 stars
Original Product.",5,.,7120
Omron HEM 7120 Fully Automatic Digital Blood Pressure Monitor With Intellisense Technology For Most Accurate Measurement - Arm Circumference (22-32Cm),"4.0 out of 5 stars
Good.",4,Well.. decent product.No much variation on repeated use.,7120
Omron HEM 7120 Fully Automatic Digital Blood Pressure Monitor With Intellisense Technology For Most Accurate Measurement - Arm Circumference (22-32Cm),"4.0 out of 5 stars
Good",4,Good,7120
Omron HEM 7120 Fully Automatic Digital Blood Pressure Monitor With Intellisense Technology For Most Accurate Measurement - Arm Circumference (22-32Cm),"5.0 out of 5 stars
Good",5,Best BP check up machine,7120
Omron HEM 7120 Fully Automatic Digital Blood Pressure Monitor With Intellisense Technology For Most Accurate Measurement - Arm Circumference (22-32Cm),"4.0 out of 5 stars
ok",4,ok,7120
Omron HEM 7120 Fully Automatic Digital Blood Pressure Monitor With Intellisense Technology For Most Accurate Measurement - Arm Circumference (22-32Cm),"3.0 out of 5 stars
Arm circumference",3,Arm circumference is very short,7120
Omron HEM 7120 Fully Automatic Digital Blood Pressure Monitor With Intellisense Technology For Most Accurate Measurement - Arm Circumference (22-32Cm),"5.0 out of 5 stars
Omron bp monitor",5,I like it's accuracy.,7120
Omron HEM 7120 Fully Automatic Digital Blood Pressure Monitor With Intellisense Technology For Most Accurate Measurement - Arm Circumference (22-32Cm),"4.0 out of 5 stars
Good one",4,As of now no issues,7120
Omron HEM 7120 Fully Automatic Digital Blood Pressure Monitor With Intellisense Technology For Most Accurate Measurement - Arm Circumference (22-32Cm),"5.0 out of 5 stars
Needed product",5,We should keep this at home. Nice product,7120
Omron HEM 7120 Fully Automatic Digital Blood Pressure Monitor With Intellisense Technology For Most Accurate Measurement - Arm Circumference (22-32Cm),"5.0 out of 5 stars
Works as described",5,Works as described,7120
Omron HEM 7120 Fully Automatic Digital Blood Pressure Monitor With Intellisense Technology For Most Accurate Measurement - Arm Circumference (22-32Cm),"5.0 out of 5 stars
Good",5,Good,7120
Omron HEM 7120 Fully Automatic Digital Blood Pressure Monitor With Intellisense Technology For Most Accurate Measurement - Arm Circumference (22-32Cm),"5.0 out of 5 stars
Accuracy in monitoring",5,Easy and reliable bp monitor. The readings are accurate enough for monitoring BP,7120
Omron HEM 7120 Fully Automatic Digital Blood Pressure Monitor With Intellisense Technology For Most Accurate Measurement - Arm Circumference (22-32Cm),"4.0 out of 5 stars
Good",4,Bp,7120
Omron HEM 7120 Fully Automatic Digital Blood Pressure Monitor With Intellisense Technology For Most Accurate Measurement - Arm Circumference (22-32Cm),"5.0 out of 5 stars
Good",5,Good,7120
Omron HEM 7120 Fully Automatic Digital Blood Pressure Monitor With Intellisense Technology For Most Accurate Measurement - Arm Circumference (22-32Cm),"5.0 out of 5 stars
Great machine",5,Nice work on bp machine must buy very impressive work Nice and accurate reading blood pressure thanks thanks amazon and seller,7120
Omron HEM 7120 Fully Automatic Digital Blood Pressure Monitor With Intellisense Technology For Most Accurate Measurement - Arm Circumference (22-32Cm),"3.0 out of 5 stars
Not bad",3,Measurement showing different within minutes,7120
Omron HEM 7120 Fully Automatic Digital Blood Pressure Monitor With Intellisense Technology For Most Accurate Measurement - Arm Circumference (22-32Cm),"5.0 out of 5 stars
The quality is still top notch",5,"This is my second purchase of this product, for my parents. The quality, packing and everything is good!",7120
Omron HEM 7120 Fully Automatic Digital Blood Pressure Monitor With Intellisense Technology For Most Accurate Measurement - Arm Circumference (22-32Cm),"3.0 out of 5 stars
Product was good but only battery operated",3,Profermance was good,7120
Omron HEM 7120 Fully Automatic Digital Blood Pressure Monitor With Intellisense Technology For Most Accurate Measurement - Arm Circumference (22-32Cm),"5.0 out of 5 stars
Good",5,Good,7120
Omron HEM 7120 Fully Automatic Digital Blood Pressure Monitor With Intellisense Technology For Most Accurate Measurement - Arm Circumference (22-32Cm),"5.0 out of 5 stars
Very good product",5,Such a handy product in an emergency... Last few months back I was pregnant and I need to check my BP... And this machine helps me a lot and keep me tension free at that crucial stage... The measurement was almost accurate like a manual machine...,7120
Omron HEM 7120 Fully Automatic Digital Blood Pressure Monitor With Intellisense Technology For Most Accurate Measurement - Arm Circumference (22-32Cm),"5.0 out of 5 stars
Omron",5,Good,7120
Omron HEM 7120 Fully Automatic Digital Blood Pressure Monitor With Intellisense Technology For Most Accurate Measurement - Arm Circumference (22-32Cm),"5.0 out of 5 stars
Nice product",5,Nice product,7120
Omron HEM 7120 Fully Automatic Digital Blood Pressure Monitor With Intellisense Technology For Most Accurate Measurement - Arm Circumference (22-32Cm),"5.0 out of 5 stars
Good and Accurate reading",5,Worth buying it,7120
Omron HEM 7120 Fully Automatic Digital Blood Pressure Monitor With Intellisense Technology For Most Accurate Measurement - Arm Circumference (22-32Cm),"5.0 out of 5 stars
BP machine",5,A very fine and accurate machine,7120
Omron HEM 7120 Fully Automatic Digital Blood Pressure Monitor With Intellisense Technology For Most Accurate Measurement - Arm Circumference (22-32Cm),"5.0 out of 5 stars
GOOD PRODUCT",5,RELIABLE AND ACCURATE,7120
Omron HEM 7120 Fully Automatic Digital Blood Pressure Monitor With Intellisense Technology For Most Accurate Measurement - Arm Circumference (22-32Cm),"5.0 out of 5 stars
Bp monitor",5,Repeatability,7120
Omron HEM 7120 Fully Automatic Digital Blood Pressure Monitor With Intellisense Technology For Most Accurate Measurement - Arm Circumference (22-32Cm),"5.0 out of 5 stars
Good",5,Very good,7120
Omron HEM 7120 Fully Automatic Digital Blood Pressure Monitor With Intellisense Technology For Most Accurate Measurement - Arm Circumference (22-32Cm),"4.0 out of 5 stars
Provides reasonably good readings",4,So far it's good and serves the purpose as we need to meaure our BP regularly.,7120
Omron HEM 7120 Fully Automatic Digital Blood Pressure Monitor With Intellisense Technology For Most Accurate Measurement - Arm Circumference (22-32Cm),"4.0 out of 5 stars
Monitoring at home get easy",4,Good for individual at home for regular monitoring,7120
Omron HEM 7120 Fully Automatic Digital Blood Pressure Monitor With Intellisense Technology For Most Accurate Measurement - Arm Circumference (22-32Cm),"5.0 out of 5 stars
The best product till the date in market",5,Gives accurate reading.  Comes with cell of you want you can buy a charger as well if you don't wanna be dependent on cells.,7120
Omron HEM 7120 Fully Automatic Digital Blood Pressure Monitor With Intellisense Technology For Most Accurate Measurement - Arm Circumference (22-32Cm),"3.0 out of 5 stars
Basic BP Monitor",3,No Bluetooth technology. very basic machine,7120
Omron HEM 7120 Fully Automatic Digital Blood Pressure Monitor With Intellisense Technology For Most Accurate Measurement - Arm Circumference (22-32Cm),"4.0 out of 5 stars
Useful device",4,Useful device to monitor blood pressure levels.,7120
Omron HEM 7120 Fully Automatic Digital Blood Pressure Monitor With Intellisense Technology For Most Accurate Measurement - Arm Circumference (22-32Cm),"5.0 out of 5 stars
Very useful",5,Very useful for checking blood pressure at home.,7120
Omron HEM 7120 Fully Automatic Digital Blood Pressure Monitor With Intellisense Technology For Most Accurate Measurement - Arm Circumference (22-32Cm),"5.0 out of 5 stars
Bp monitor",5,Good product received,7120
Omron HEM 7120 Fully Automatic Digital Blood Pressure Monitor With Intellisense Technology For Most Accurate Measurement - Arm Circumference (22-32Cm),"5.0 out of 5 stars
Product",5,Very useful for me.  Good product & Accuracy. Thank you Amazon,7120
Omron HEM 7120 Fully Automatic Digital Blood Pressure Monitor With Intellisense Technology For Most Accurate Measurement - Arm Circumference (22-32Cm),"3.0 out of 5 stars
यह प्रोजेक्ट अच्छा बताया जा रहा था लेकिन ऐसा है नही",3,इसका उपयोग फिक्स ब्लडप्रेशर नापने के लिए किया लेकिन यह बी पी की नाप सही नही बता पाए रहा है एक ही समय पर दो बार या अधिक बार नापने पर अलग अलग बताता है,7120
Omron HEM 7120 Fully Automatic Digital Blood Pressure Monitor With Intellisense Technology For Most Accurate Measurement - Arm Circumference (22-32Cm),"5.0 out of 5 stars
I like",5,Good product.,7120
Omron HEM 7120 Fully Automatic Digital Blood Pressure Monitor With Intellisense Technology For Most Accurate Measurement - Arm Circumference (22-32Cm),"5.0 out of 5 stars
Good",5,Good product,7120
Omron HEM 7120 Fully Automatic Digital Blood Pressure Monitor With Intellisense Technology For Most Accurate Measurement - Arm Circumference (22-32Cm),"3.0 out of 5 stars
Slightly disappointed",3,The readings are not consistent. Expected a better calibration.,7120
Omron HEM 7120 Fully Automatic Digital Blood Pressure Monitor With Intellisense Technology For Most Accurate Measurement - Arm Circumference (22-32Cm),"4.0 out of 5 stars
Overpriced but OK",4,Product is overpriced.Readings are okish...Adaper support is present in this model (7120).,7120
Omron HEM 7120 Fully Automatic Digital Blood Pressure Monitor With Intellisense Technology For Most Accurate Measurement - Arm Circumference (22-32Cm),"4.0 out of 5 stars
BP meter",4,"Good product, accurate measurement",7120
Omron HEM 7120 Fully Automatic Digital Blood Pressure Monitor With Intellisense Technology For Most Accurate Measurement - Arm Circumference (22-32Cm),"5.0 out of 5 stars
Great item",5,So nice..... I am so happy😍,7120
Omron HEM 7120 Fully Automatic Digital Blood Pressure Monitor With Intellisense Technology For Most Accurate Measurement - Arm Circumference (22-32Cm),"5.0 out of 5 stars
Accurate results",5,"Shows accurate results, easy to use if you have elders at home. Very helpful and Ideal performance.recommended!!",7120
Omron HEM 7120 Fully Automatic Digital Blood Pressure Monitor With Intellisense Technology For Most Accurate Measurement - Arm Circumference (22-32Cm),"5.0 out of 5 stars
Health  products",5,Money worthy,7120
Omron HEM 7120 Fully Automatic Digital Blood Pressure Monitor With Intellisense Technology For Most Accurate Measurement - Arm Circumference (22-32Cm),"5.0 out of 5 stars
Its been 15+ years",5,and it's still working as new without any glitch,7120
Omron HEM 7120 Fully Automatic Digital Blood Pressure Monitor With Intellisense Technology For Most Accurate Measurement - Arm Circumference (22-32Cm),"4.0 out of 5 stars
Good",4,Accuracy is moderate. +-10 is usual in reading.,7120
Omron HEM 7120 Fully Automatic Digital Blood Pressure Monitor With Intellisense Technology For Most Accurate Measurement - Arm Circumference (22-32Cm),"5.0 out of 5 stars
Value for money",5,Very accurate bp machine it very helpful for bp persons.. I even saw the same machine in the clinic also,7120
Omron HEM 7120 Fully Automatic Digital Blood Pressure Monitor With Intellisense Technology For Most Accurate Measurement - Arm Circumference (22-32Cm),"4.0 out of 5 stars
BP Monitor",4,Good product to have at home if you need to monitor your BP. Easy to use.,7120
Omron HEM 7120 Fully Automatic Digital Blood Pressure Monitor With Intellisense Technology For Most Accurate Measurement - Arm Circumference (22-32Cm),"5.0 out of 5 stars
Good",5,Liked,7120
Omron HEM 7120 Fully Automatic Digital Blood Pressure Monitor With Intellisense Technology For Most Accurate Measurement - Arm Circumference (22-32Cm),"5.0 out of 5 stars
Portable and Worth the Price!",5,I have been using this product for more than 2 weeks now. It is working perfectly fine! Great product and has been giving accurate readings. What else anyone needs!,7120
"Omron HEM 7140T1 Bluetooth Blood Pressure Monitor Most Recommended Brand by Doctors, with Japanese Technology, Cuff Wrapping Guide, Hypertension Indicator &amp; Intellisense Technology for accuracy measurement","5.0 out of 5 stars
Omron Blood Pressure Monitor - Your Health Companion",5,"**Overview:**The Omron Blood Pressure Monitor is more than just a medical device; it's your personal health companion. With its sleek design and user-friendly interface, it's a must-have for anyone looking to monitor their blood pressure conveniently and accurately.**Convenience:**One of the standout features of the Omron Blood Pressure Monitor is its convenience. Its portability allows you to check your blood pressure anytime, anywhere, giving you the freedom to incorporate it into your daily routine seamlessly. Whether you're at home, in the office, or traveling, having this device on hand empowers you to monitor your health proactively.**Accuracy:**Accuracy is paramount when it comes to monitoring blood pressure, and Omron delivers on this front. With advanced technology and clinical validation, you can trust the readings provided by this device. Its reliability gives you peace of mind, knowing that you're getting accurate information about your health status.**User-Friendly Design:**Navigating the Omron Blood Pressure Monitor is a breeze, thanks to its intuitive design. The large display and simple controls make it easy for users of all ages to operate. Plus, features like irregular heartbeat detection and hypertension indicators provide additional insights into your cardiovascular health.**Integration with Routine:**Having the Omron Blood Pressure Monitor at your disposal means you can seamlessly integrate blood pressure monitoring into your daily routine. Whether it's checking your blood pressure before or after exercise, meals, or medication, this device empowers you to make informed decisions about your health and lifestyle.**Final Thoughts:**In conclusion, the Omron Blood Pressure Monitor is a valuable tool for anyone looking to take control of their cardiovascular health. Its convenience, accuracy, and user-friendly design make it a must-have accessory for monitoring blood pressure regularly. With this device by your side, you can proactively manage your health and make informed choices to lead a healthier, happier life.",7140T1
"Omron HEM 7140T1 Bluetooth Blood Pressure Monitor Most Recommended Brand by Doctors, with Japanese Technology, Cuff Wrapping Guide, Hypertension Indicator &amp; Intellisense Technology for accuracy measurement","4.0 out of 5 stars
The machine works as intended but totally got thrown off with the price",4,"The machine works well and is compact enough fits well in the case provided, the thing I like about this device is that I can wear it anyhow and it shows the reading, that way its quite easy to use unlike other monitoring devices which requires you to put the cuff in a specific way.Now coming back to the part where I feel a bit cheated I bought this for roughly 2500 and now its selling for 1900 thats about 600 hundred difference and when a company does this I wonder what margins they are running and why they are overcharging for stuff.Other than the price reduction I feel the Monitor is good and I haven't faced any issues with it till now.",7140T1
"Omron HEM 7140T1 Bluetooth Blood Pressure Monitor Most Recommended Brand by Doctors, with Japanese Technology, Cuff Wrapping Guide, Hypertension Indicator &amp; Intellisense Technology for accuracy measurement","5.0 out of 5 stars
Very good product",5,Its a good product with good quality. Recommended by most of the doctors. Easy to use.,7140T1
"Omron HEM 7140T1 Bluetooth Blood Pressure Monitor Most Recommended Brand by Doctors, with Japanese Technology, Cuff Wrapping Guide, Hypertension Indicator &amp; Intellisense Technology for accuracy measurement","5.0 out of 5 stars
Good quality",5,"It’s good to have digital BP apparatus, Ot’s good performance,  mostly accurate values, ease to operate and can be operated  single handed",7140T1
"Omron HEM 7140T1 Bluetooth Blood Pressure Monitor Most Recommended Brand by Doctors, with Japanese Technology, Cuff Wrapping Guide, Hypertension Indicator &amp; Intellisense Technology for accuracy measurement","4.0 out of 5 stars
Cuff is not large",4,"I have to purchase the cuff separately. However, it is giving accurate results and the build quality is good",7140T1
"Omron HEM 7140T1 Bluetooth Blood Pressure Monitor Most Recommended Brand by Doctors, with Japanese Technology, Cuff Wrapping Guide, Hypertension Indicator &amp; Intellisense Technology for accuracy measurement","5.0 out of 5 stars
Nice product",5,Very good quality and perfect reading,7140T1
"Omron HEM 7140T1 Bluetooth Blood Pressure Monitor Most Recommended Brand by Doctors, with Japanese Technology, Cuff Wrapping Guide, Hypertension Indicator &amp; Intellisense Technology for accuracy measurement","3.0 out of 5 stars
Blood pressure Result not satisfactory",3,"Feel there was a technical issue with the BP monitor....the diastolic readings were showing too less..  When checked for other family members, same thing reflected....  could not return the product as time line was over",7140T1
"Omron HEM 7140T1 Bluetooth Blood Pressure Monitor Most Recommended Brand by Doctors, with Japanese Technology, Cuff Wrapping Guide, Hypertension Indicator &amp; Intellisense Technology for accuracy measurement","5.0 out of 5 stars
Very good",5,"easy to use , nice machine .",7140T1
"Omron HEM 7140T1 Bluetooth Blood Pressure Monitor Most Recommended Brand by Doctors, with Japanese Technology, Cuff Wrapping Guide, Hypertension Indicator &amp; Intellisense Technology for accuracy measurement","4.0 out of 5 stars
Nice",4,Good product and quality thank you,7140T1
"Omron HEM 7140T1 Bluetooth Blood Pressure Monitor Most Recommended Brand by Doctors, with Japanese Technology, Cuff Wrapping Guide, Hypertension Indicator &amp; Intellisense Technology for accuracy measurement","4.0 out of 5 stars
Good product",4,This bp monitor is performing well and I am happy with it,7140T1
"Omron HEM 7140T1 Bluetooth Blood Pressure Monitor Most Recommended Brand by Doctors, with Japanese Technology, Cuff Wrapping Guide, Hypertension Indicator &amp; Intellisense Technology for accuracy measurement","4.0 out of 5 stars
Good",4,Working well as expected,7140T1
"Omron HEM 7140T1 Bluetooth Blood Pressure Monitor Most Recommended Brand by Doctors, with Japanese Technology, Cuff Wrapping Guide, Hypertension Indicator &amp; Intellisense Technology for accuracy measurement","4.0 out of 5 stars
Review",4,Awesome product,7140T1
"Omron HEM 7140T1 Bluetooth Blood Pressure Monitor Most Recommended Brand by Doctors, with Japanese Technology, Cuff Wrapping Guide, Hypertension Indicator &amp; Intellisense Technology for accuracy measurement","5.0 out of 5 stars
Best",5,Thank you 🙏🏼🪷Haré Kṛṣṇa!🙏🏼,7140T1
"Omron HEM 7140T1 Bluetooth Blood Pressure Monitor Most Recommended Brand by Doctors, with Japanese Technology, Cuff Wrapping Guide, Hypertension Indicator &amp; Intellisense Technology for accuracy measurement","4.0 out of 5 stars
Good quality",4,Loved it,7140T1
"Omron HEM 7140T1 Bluetooth Blood Pressure Monitor Most Recommended Brand by Doctors, with Japanese Technology, Cuff Wrapping Guide, Hypertension Indicator &amp; Intellisense Technology for accuracy measurement","4.0 out of 5 stars
It's.ok",4,Not bad,7140T1
"Omron HEM 7140T1 Bluetooth Blood Pressure Monitor Most Recommended Brand by Doctors, with Japanese Technology, Cuff Wrapping Guide, Hypertension Indicator &amp; Intellisense Technology for accuracy measurement","5.0 out of 5 stars
Tracking the milage and finding the vehicles",5,It is very good product for all the vehicles.,7140T1
"Omron HEM 7140T1 Bluetooth Blood Pressure Monitor Most Recommended Brand by Doctors, with Japanese Technology, Cuff Wrapping Guide, Hypertension Indicator &amp; Intellisense Technology for accuracy measurement","3.0 out of 5 stars
Differs from Website",3,In webise it shows hard cuff. They have delivered soft cuff.,7140T1
"Omron HEM 7140T1 Bluetooth Blood Pressure Monitor Most Recommended Brand by Doctors, with Japanese Technology, Cuff Wrapping Guide, Hypertension Indicator &amp; Intellisense Technology for accuracy measurement","5.0 out of 5 stars
Easy to use",5,Nice product,7140T1
"Omron HEM 7140T1 Bluetooth Blood Pressure Monitor Most Recommended Brand by Doctors, with Japanese Technology, Cuff Wrapping Guide, Hypertension Indicator &amp; Intellisense Technology for accuracy measurement","5.0 out of 5 stars
Omron BP machine performing well",5,"Instead of a given power input, a C type or a micro USB type of charging port could have made more sense because that is available in all houses. Machine performs well. Bluetooth is icing on the cake.",7140T1
"Omron HEM 7140T1 Bluetooth Blood Pressure Monitor Most Recommended Brand by Doctors, with Japanese Technology, Cuff Wrapping Guide, Hypertension Indicator &amp; Intellisense Technology for accuracy measurement","4.0 out of 5 stars
Comfort",4,Product  is  good  as said in the detailOnly the blue bag which  protect the whole kit was not their in the box.,7140T1
"Omron HEM 7140T1 Bluetooth Blood Pressure Monitor Most Recommended Brand by Doctors, with Japanese Technology, Cuff Wrapping Guide, Hypertension Indicator &amp; Intellisense Technology for accuracy measurement","3.0 out of 5 stars
Inconsistent readings",3,The readings are largely inconsistent..just look at the photos..the readings were taken in a gap of around 2 mins..,7140T1
"Omron HEM 7140T1 Bluetooth Blood Pressure Monitor Most Recommended Brand by Doctors, with Japanese Technology, Cuff Wrapping Guide, Hypertension Indicator &amp; Intellisense Technology for accuracy measurement","5.0 out of 5 stars
Super",5,Good,7140T1
"Omron HEM 7140T1 Bluetooth Blood Pressure Monitor Most Recommended Brand by Doctors, with Japanese Technology, Cuff Wrapping Guide, Hypertension Indicator &amp; Intellisense Technology for accuracy measurement","5.0 out of 5 stars
ok delivery good product",5,overall it was good buying experience,7140T1
"Omron HEM 7140T1 Bluetooth Blood Pressure Monitor Most Recommended Brand by Doctors, with Japanese Technology, Cuff Wrapping Guide, Hypertension Indicator &amp; Intellisense Technology for accuracy measurement","5.0 out of 5 stars
अच्छा",5,यह अच्छा प्रोडक्ट है,7140T1
"Omron HEM 7140T1 Bluetooth Blood Pressure Monitor Most Recommended Brand by Doctors, with Japanese Technology, Cuff Wrapping Guide, Hypertension Indicator &amp; Intellisense Technology for accuracy measurement","5.0 out of 5 stars
Good project",5,Very good,7140T1
"Omron HEM 7140T1 Bluetooth Blood Pressure Monitor Most Recommended Brand by Doctors, with Japanese Technology, Cuff Wrapping Guide, Hypertension Indicator &amp; Intellisense Technology for accuracy measurement","5.0 out of 5 stars
Good product. One can use this himself to his or her own BP.",5,Good product and easy to use. batteries last for long time.,7140T1
"Omron HEM 7140T1 Bluetooth Blood Pressure Monitor Most Recommended Brand by Doctors, with Japanese Technology, Cuff Wrapping Guide, Hypertension Indicator &amp; Intellisense Technology for accuracy measurement","4.0 out of 5 stars
Good product",4,The product is good and it has Bluetooth connection. But the machine cannot be operated from a mobile phone. You can only store your BP data in mobile.Also there is no provision for keeping BP data for another person.That way the machine lacs many advanced features.,7140T1
"Omron HEM 7140T1 Bluetooth Blood Pressure Monitor Most Recommended Brand by Doctors, with Japanese Technology, Cuff Wrapping Guide, Hypertension Indicator &amp; Intellisense Technology for accuracy measurement","4.0 out of 5 stars
Good at first",4,"Shud check for 6 months,cuff is a bit small can't use for fat people... little atleast 2 inch cuff size to be increased",7140T1
"Omron HEM 7140T1 Bluetooth Blood Pressure Monitor Most Recommended Brand by Doctors, with Japanese Technology, Cuff Wrapping Guide, Hypertension Indicator &amp; Intellisense Technology for accuracy measurement","2.0 out of 5 stars
Not accurate",2,"As a user who relies on accurate and consistent blood pressure readings, I am disappointed with the Omron HEM 7140T1 Bluetooth Digital Blood Pressure Monitor. While the idea of a Bluetooth-enabled device with the convenience of tracking readings on a smartphone is appealing, the primary function of any blood pressure monitor should be accurate and reliable measurements.Firstly, the device consistently displays different readings every time it is used, with differences of up to 10 points. This inconsistency raises serious concerns about its accuracy and makes it challenging to trust the results. As someone who monitors their blood pressure regularly, having reliable readings is crucial for understanding my health and making informed decisions.I have also taken care to follow the manufacturer's instructions precisely, ensuring the cuff is appropriately positioned and my arm is at the correct level. Despite these efforts, the readings continue to fluctuate significantly. I have compared the device's readings with those taken at healthcare facilities, and the disparities are too substantial to ignore. This raises doubts about the overall reliability of the product.The Bluetooth functionality, which initially seemed like a useful feature, turns out to be more of a novelty than a practical benefit. While it's nice to see the readings on my phone and have the data stored in an app, these features lose their appeal when the readings themselves cannot be trusted. The app interface is also not the most user-friendly, and I have experienced occasional connectivity issues.On a positive note, the build quality of the device is decent, and the display is clear and easy to read. The cuff itself is comfortable to wear and fits well on my arm. However, these positives are overshadowed by the fundamental issue of unreliable and inconsistent readings.In conclusion, I cannot recommend the Omron HEM 7140T1 Bluetooth Digital Blood Pressure Monitor due to its lack of accurate readings and the significant variations observed between measurements. For a medical device that plays a vital role in monitoring one's health, this level of inconsistency is unacceptable. Until Omron addresses these issues and improves the product's accuracy and reliability, I would advise users to consider alternative options from more reputable brands. It's essential to prioritize the accuracy of blood pressure readings above all else when selecting a blood pressure monitor.",7140T1
"Omron HEM 7140T1 Bluetooth Blood Pressure Monitor Most Recommended Brand by Doctors, with Japanese Technology, Cuff Wrapping Guide, Hypertension Indicator &amp; Intellisense Technology for accuracy measurement","5.0 out of 5 stars
I will refund because I not longer time needed",5,Nice 👍,7140T1
"Omron HEM 7140T1 Bluetooth Blood Pressure Monitor Most Recommended Brand by Doctors, with Japanese Technology, Cuff Wrapping Guide, Hypertension Indicator &amp; Intellisense Technology for accuracy measurement","4.0 out of 5 stars
Amazing product",4,Good product . I am using this product since 7 years. The old one is still working condition but the display panel have some problem due to seasoned.So I bought new one,7140T1
"Omron HEM 7140T1 Bluetooth Blood Pressure Monitor Most Recommended Brand by Doctors, with Japanese Technology, Cuff Wrapping Guide, Hypertension Indicator &amp; Intellisense Technology for accuracy measurement","4.0 out of 5 stars
Learn how to use it before using it.",4,"Like most digital BP machines, this can also give you wrong readings if you don't know how to use it. Please take a look at some short tutorial videos on YouTube before using it. Also, take 2 or 3 readings everytime to know right values.",7140T1
"Omron HEM 7140T1 Bluetooth Blood Pressure Monitor Most Recommended Brand by Doctors, with Japanese Technology, Cuff Wrapping Guide, Hypertension Indicator &amp; Intellisense Technology for accuracy measurement","4.0 out of 5 stars
Userfriendly",4,Quality and durability good,7140T1
"Omron HEM 7140T1 Bluetooth Blood Pressure Monitor Most Recommended Brand by Doctors, with Japanese Technology, Cuff Wrapping Guide, Hypertension Indicator &amp; Intellisense Technology for accuracy measurement","4.0 out of 5 stars
Product accuracy",4,It's an good product it is almost accurate but there is difference of 8-10 points between 1st and 2nd reading.,7140T1
"Omron HEM 7140T1 Bluetooth Blood Pressure Monitor Most Recommended Brand by Doctors, with Japanese Technology, Cuff Wrapping Guide, Hypertension Indicator &amp; Intellisense Technology for accuracy measurement","5.0 out of 5 stars
good product",5,"Good product,, accuracy is good 👍",7140T1
"Omron HEM 7140T1 Bluetooth Blood Pressure Monitor Most Recommended Brand by Doctors, with Japanese Technology, Cuff Wrapping Guide, Hypertension Indicator &amp; Intellisense Technology for accuracy measurement","5.0 out of 5 stars
Working good. Trust in Omron increased.",5,Reading variance is low unlike other digital bp monitors. Good to go.Bluetooth captures data seemlessly.,7140T1
"Omron HEM 7140T1 Bluetooth Blood Pressure Monitor Most Recommended Brand by Doctors, with Japanese Technology, Cuff Wrapping Guide, Hypertension Indicator &amp; Intellisense Technology for accuracy measurement","5.0 out of 5 stars
Accurate it is",5,,7140T1
"Omron HEM 7140T1 Bluetooth Blood Pressure Monitor Most Recommended Brand by Doctors, with Japanese Technology, Cuff Wrapping Guide, Hypertension Indicator &amp; Intellisense Technology for accuracy measurement","4.0 out of 5 stars
Good, working fine",4,"Good, working fine",7140T1
"Omron HEM 7140T1 Bluetooth Blood Pressure Monitor Most Recommended Brand by Doctors, with Japanese Technology, Cuff Wrapping Guide, Hypertension Indicator &amp; Intellisense Technology for accuracy measurement","4.0 out of 5 stars
High price",4,Only benifit from old model is less sound of motor otherwise rest options given like automatically stores notes has not worked properly.,7140T1
"Omron HEM 7140T1 Bluetooth Blood Pressure Monitor Most Recommended Brand by Doctors, with Japanese Technology, Cuff Wrapping Guide, Hypertension Indicator &amp; Intellisense Technology for accuracy measurement","5.0 out of 5 stars
Very useful",5,Easy to use performance is  very close to perfect reading .,7140T1
"Omron HEM 7140T1 Bluetooth Blood Pressure Monitor Most Recommended Brand by Doctors, with Japanese Technology, Cuff Wrapping Guide, Hypertension Indicator &amp; Intellisense Technology for accuracy measurement","5.0 out of 5 stars
Personal BP Monitor for home",5,"I've used Omron BP monitors before and this is a improved version with some convenience features. The device works consistently, is reliable and handy to use. It has a memory function that remembers the last few measurements for analysis. This model also has bluetooth feature that syncs your data to your personal smartphone using an app. So, you can always have your data in your finger tips.",7140T1
"Omron HEM 7140T1 Bluetooth Blood Pressure Monitor Most Recommended Brand by Doctors, with Japanese Technology, Cuff Wrapping Guide, Hypertension Indicator &amp; Intellisense Technology for accuracy measurement","4.0 out of 5 stars
Happy with the product",4,Given review after using it for 5 months.I purchased it as my concern was the accuracy and i am satisfied with the product.The only part is still to be addressed is the patch which i believe is little small. Other than that everything is ok.,7140T1
"Omron HEM 7140T1 Bluetooth Blood Pressure Monitor Most Recommended Brand by Doctors, with Japanese Technology, Cuff Wrapping Guide, Hypertension Indicator &amp; Intellisense Technology for accuracy measurement","4.0 out of 5 stars
Good BP monitoring machine.",4,I like the machine. It's reading accuracy rate is avarage. But 4 AA Duracell including in side the pack. But no adopter. So I had extra another order for adopter same company.,7140T1
"Omron HEM 7140T1 Bluetooth Blood Pressure Monitor Most Recommended Brand by Doctors, with Japanese Technology, Cuff Wrapping Guide, Hypertension Indicator &amp; Intellisense Technology for accuracy measurement","5.0 out of 5 stars
Genuine product. Fast delivery.",5,Happy with the purchase.,7140T1
"Omron HEM 7140T1 Bluetooth Blood Pressure Monitor Most Recommended Brand by Doctors, with Japanese Technology, Cuff Wrapping Guide, Hypertension Indicator &amp; Intellisense Technology for accuracy measurement","5.0 out of 5 stars
Good product, value for money",5,Offer ease of use and connect with mobile application to ensure tracking of readings. The brand need no promotion offers confidence in the reading.,7140T1
"Omron HEM 7140T1 Bluetooth Blood Pressure Monitor Most Recommended Brand by Doctors, with Japanese Technology, Cuff Wrapping Guide, Hypertension Indicator &amp; Intellisense Technology for accuracy measurement","5.0 out of 5 stars
Worth purchasing a handy machine at home",5,"The media could not be loaded.
                



Hi friends,I'm using HEM-7156 BP Monitor (Arm Cuff) bought in sep, 2022.I bought this considering the following factors & need:1. Omron brand name2. Requirement of large cuff.3. Easy use single handed wrapping of cuff.4. User friendly ""omron connect"" app  to upload your readings as and when required using manual scanning. So, no need to buy extra cost models for Bluetooth etc;I'm satisfied with the machine due to its consistent performance in the accuracy of the reports.Being an employee of quality control in a corporate company, I keep doubting the machines performance and do rigorous tests to check the accuracy.Similarly, I have tested Amron in various types taking multiple readings of my BP.This model detects if there is body aberration while taking reports.So, be steady and calm to get your reports without any deviation.Follow the  easy manual on knowing how to wrap the cuff.The intelli-wrap cuff helps for single-handed operation.Omron connect app helps scanning your reports and uploading in the appln, thereby you can get your averages.Low cost models also available in omron if you want normal cuff and also small or medium cuff. Accordingly price will be altered.Wrist BP monitors are also available which look very simple; but not sure of the accuracy. Pls speak to Omron.So, all the best.",7140T1
"Omron HEM 7140T1 Bluetooth Blood Pressure Monitor Most Recommended Brand by Doctors, with Japanese Technology, Cuff Wrapping Guide, Hypertension Indicator &amp; Intellisense Technology for accuracy measurement","4.0 out of 5 stars
Good Product",4,"Have used Omron products in the past too, this one too is a good product, easy to use, comes with the option of connecting AC adaptors as well. It doesnt come with the product, will have to be purchased separately.",7140T1
"Omron HEM 7140T1 Bluetooth Blood Pressure Monitor Most Recommended Brand by Doctors, with Japanese Technology, Cuff Wrapping Guide, Hypertension Indicator &amp; Intellisense Technology for accuracy measurement","3.0 out of 5 stars
Omron wrist device giving more accurate readings surprisingly!!",3,"These electronic BP devices only give you an indicative reading so, it is always advisable to get a checkup done with a manual device.Bought for my family. Went for Omron thinking this was Japanese mfd but was in fact, made in Vietnam and China. After doing some extensive research online found there's a noticeable difference of opinion bet people who've bought devices mfd in Japan vs other countries. Unfortunately, the Japanese mfd models are out of stock or not sold in India. As we've been using Omron for years considered it reliable and upgraded from the 7120 to 7156 which has an electric adapter port and purchased an adapter separately from Omron.USAGE EXPERIENCE: After checking the readings have been disappointed with vastly different values in the same measurement for a normal healthy individual when compared to a manual BP device at the local clinic. Found glitches in the display and memory as well as date and time resetting automatically which is very irritating. In measurements, it was off the mark by 5 to 10 points when the margin for error is usually 1-3 points. These made me question the blind faith in Omron until now unfortunately, there is no better alternative avail in the market.CALIBRATE: Would therefore recommend anyone purchasing this to get it calibrated at the Omron service centre every 3-6 months and to check against a manual device before first use and at other times. These devices are very sensitive to handling.WRIST DEVICE: If you can afford it have a backup device such as the Omron wrist measurement device. Surprisingly, it was giving more reliable readings when compared to a manual BP device! Having both will give a better idea of the average.",7140T1
"Omron HEM 7140T1 Bluetooth Blood Pressure Monitor Most Recommended Brand by Doctors, with Japanese Technology, Cuff Wrapping Guide, Hypertension Indicator &amp; Intellisense Technology for accuracy measurement","5.0 out of 5 stars
Reliable BP machine for monitoring",5,I have been using this omron BP machine from almost year. Its highly reliable and very easy to use.The Bluetooth data transfering feature also helps me to get all BP reading on my mobile app. Which further helps to show my doctor on the go.The mobile App have very interactive UI for the usability.,7140T1
"Omron HEM 7140T1 Bluetooth Blood Pressure Monitor Most Recommended Brand by Doctors, with Japanese Technology, Cuff Wrapping Guide, Hypertension Indicator &amp; Intellisense Technology for accuracy measurement","5.0 out of 5 stars
Precise and Reliable Blood Pressure Machine",5,"It consistently provides highly accurate blood pressure readings. Its advanced technology ensures precise measurements, allowing me to trust the results without any doubt. The display is clear, presenting the readings in a comprehensible manner. The large, easy-to-read screen and simple buttons make it user-friendly for individuals of all ages, including seniors.The device's design prioritizes user comfort during measurements. The cuff is adjustable and fits snugly on the arm, ensuring accurate readings without causing discomfort.The blood pressure machine conveniently stores previous readings, allowing users to monitor their blood pressure trends over time. Certainly recommending this if you are in need of one.",7140T1
"Omron HEM 7140T1 Bluetooth Blood Pressure Monitor Most Recommended Brand by Doctors, with Japanese Technology, Cuff Wrapping Guide, Hypertension Indicator &amp; Intellisense Technology for accuracy measurement","5.0 out of 5 stars
Good Machine but Over Priced",5,Good Machine but Over Priced,7140T1
"Omron HEM 7140T1 Bluetooth Blood Pressure Monitor Most Recommended Brand by Doctors, with Japanese Technology, Cuff Wrapping Guide, Hypertension Indicator &amp; Intellisense Technology for accuracy measurement","3.0 out of 5 stars
Good",3,It is ok. It is good product.,7140T1
"Omron HEM 7140T1 Bluetooth Blood Pressure Monitor Most Recommended Brand by Doctors, with Japanese Technology, Cuff Wrapping Guide, Hypertension Indicator &amp; Intellisense Technology for accuracy measurement","4.0 out of 5 stars
Blood Pressure Monitor with data for Analysis",4,"Omron HEM 7140T1 provides a near accurate blood pressure reading. The device is quite easy intuitive to use, comes with a storage cover and an app which allows storing the historical data and provides reports.Overall an useful product in house.To obtain accurate reading, the arm has to be at rest without any movement. The tube also need to straight without coiling. Else, the reading will show error status.",7140T1
"Omron HEM 7140T1 Bluetooth Blood Pressure Monitor Most Recommended Brand by Doctors, with Japanese Technology, Cuff Wrapping Guide, Hypertension Indicator &amp; Intellisense Technology for accuracy measurement","5.0 out of 5 stars
Very nice product",5,To good quality and working properly 👍,7140T1
"Omron HEM 7140T1 Bluetooth Blood Pressure Monitor Most Recommended Brand by Doctors, with Japanese Technology, Cuff Wrapping Guide, Hypertension Indicator &amp; Intellisense Technology for accuracy measurement","3.0 out of 5 stars
Monitor was good. Only problem with Cuff size.",3,To monitor blood pressure,7140T1
"Omron HEM 7140T1 Bluetooth Blood Pressure Monitor Most Recommended Brand by Doctors, with Japanese Technology, Cuff Wrapping Guide, Hypertension Indicator &amp; Intellisense Technology for accuracy measurement","5.0 out of 5 stars
Accurate",5,Value for moneyAccuracy is good3 yrs Warranty is given,7140T1
"Omron HEM 7140T1 Bluetooth Blood Pressure Monitor Most Recommended Brand by Doctors, with Japanese Technology, Cuff Wrapping Guide, Hypertension Indicator &amp; Intellisense Technology for accuracy measurement","5.0 out of 5 stars
Accurate and essential",5,I've purchased this product for my mom who was very comfortable with it and told me how accurate and essential it's been compared to the ones she has used in the past. I've recommended others to purchase Omron products.,7140T1
"Omron HEM 7140T1 Bluetooth Blood Pressure Monitor Most Recommended Brand by Doctors, with Japanese Technology, Cuff Wrapping Guide, Hypertension Indicator &amp; Intellisense Technology for accuracy measurement","5.0 out of 5 stars
GOOD",5,Works as described,7140T1
"Omron HEM 7140T1 Bluetooth Blood Pressure Monitor Most Recommended Brand by Doctors, with Japanese Technology, Cuff Wrapping Guide, Hypertension Indicator &amp; Intellisense Technology for accuracy measurement","4.0 out of 5 stars
Perfect product for home use",4,"As we all know that blood pressure is a slow poison and keeping a track of it is a must for every household.And what can be better than Omron, what I like about this product is easy to use and their guest mode. You must definately have this at home specially when you have elderly people for regular checks.",7140T1
"Omron HEM 7140T1 Bluetooth Blood Pressure Monitor Most Recommended Brand by Doctors, with Japanese Technology, Cuff Wrapping Guide, Hypertension Indicator &amp; Intellisense Technology for accuracy measurement","5.0 out of 5 stars
Reliable and Effective",5,"The Omron BP monitor has been a reliable companion for six months, delivering consistent performance for the whole family without any hitches. This device has consistently delivered accurate readings without any glitches or hiccups along the way. Overall, it's a neat, effective device that fulfills its purpose admirably.",7140T1
"Omron HEM 7140T1 Bluetooth Blood Pressure Monitor Most Recommended Brand by Doctors, with Japanese Technology, Cuff Wrapping Guide, Hypertension Indicator &amp; Intellisense Technology for accuracy measurement","4.0 out of 5 stars
Ok products",4,"Software is buggy, while opening takes several minutes to initialise. Often go for checking update while trying to read, over all bad experience with software",7140T1
"Omron HEM 7140T1 Bluetooth Blood Pressure Monitor Most Recommended Brand by Doctors, with Japanese Technology, Cuff Wrapping Guide, Hypertension Indicator &amp; Intellisense Technology for accuracy measurement","5.0 out of 5 stars
Must have product at all homes when you have elders with you.",5,My mother is a BP patient and once we got this product we could monitor her regularly. It’s very user friendly for elders even my grand mother was able to operate by herself. A must have product at all homes.,7140T1
"Omron HEM 7140T1 Bluetooth Blood Pressure Monitor Most Recommended Brand by Doctors, with Japanese Technology, Cuff Wrapping Guide, Hypertension Indicator &amp; Intellisense Technology for accuracy measurement","4.0 out of 5 stars
Ok quality",4,Good quality.,7140T1
"Omron HEM 7140T1 Bluetooth Blood Pressure Monitor Most Recommended Brand by Doctors, with Japanese Technology, Cuff Wrapping Guide, Hypertension Indicator &amp; Intellisense Technology for accuracy measurement","5.0 out of 5 stars
Nice and Accurate",5,"I was a bit sceptical initially about buying this online, specially after reading feedback about the small cuff size which comes with the default package. The item came nicely packed and is working absolutely fine with the default cuff that came with it. In fact, the cuff is suitable for MOST folks with a reasonable/average wrist size.The accuracy is quite high with a deviation of +/- 5 mmHg when compared with the conventional mercury instrument.",7140T1
"Omron HEM 7140T1 Bluetooth Blood Pressure Monitor Most Recommended Brand by Doctors, with Japanese Technology, Cuff Wrapping Guide, Hypertension Indicator &amp; Intellisense Technology for accuracy measurement","5.0 out of 5 stars
Good",5,The monitor is good for checking and the app is very much useful to track the bp .A better thing in app would to select a person for the bp captured for better tracking.,7140T1
"Omron HEM 7140T1 Bluetooth Blood Pressure Monitor Most Recommended Brand by Doctors, with Japanese Technology, Cuff Wrapping Guide, Hypertension Indicator &amp; Intellisense Technology for accuracy measurement","4.0 out of 5 stars
Reliable healthcare product",4,"I have been using Omron BP monitor system for many years. I have upgraded to this model recently and so far it is working perfectly. I am removing the batteries hence I use it may be once in a month. It's so easy to check your BP with this equipment, frankly I am not familiar with any similar other product so can't compare it.",7140T1
"Omron HEM 7140T1 Bluetooth Blood Pressure Monitor Most Recommended Brand by Doctors, with Japanese Technology, Cuff Wrapping Guide, Hypertension Indicator &amp; Intellisense Technology for accuracy measurement","5.0 out of 5 stars
Good product",5,Product is easy to use. Does not require external help.Been 8 months since purchase and works fine.Tracking data by connecting with mobile is useful.,7140T1
"Omron HEM 7140T1 Bluetooth Blood Pressure Monitor Most Recommended Brand by Doctors, with Japanese Technology, Cuff Wrapping Guide, Hypertension Indicator &amp; Intellisense Technology for accuracy measurement","5.0 out of 5 stars
Pretty accurate readings",5,Nice and useful product. Go for it.,7140T1
"Omron HEM 7140T1 Bluetooth Blood Pressure Monitor Most Recommended Brand by Doctors, with Japanese Technology, Cuff Wrapping Guide, Hypertension Indicator &amp; Intellisense Technology for accuracy measurement","5.0 out of 5 stars
Should have",5,This is my second omron device. I can't exactly pinpoint what's better but felt this is a lot better than the previous one. Build quality is definitely improved. Has Bluetooth option which can transfer data to smartphone to keep track of bp readings.,7140T1
"Omron HEM 7140T1 Bluetooth Blood Pressure Monitor Most Recommended Brand by Doctors, with Japanese Technology, Cuff Wrapping Guide, Hypertension Indicator &amp; Intellisense Technology for accuracy measurement","5.0 out of 5 stars
What a perfect machine to have at home",5,"I loved it totallyDoctor asked us to monitor the blood pressure on daily basis and I was looking for a machine that can be easy to useThis one fits all boxes and it indeed is very easy to useManual is given so no need to worry about how to get startedReadings are close to accurate as we cross checked with doctor's machineNo special precautions are to be taken for the cuff, it indeed is useful to have 360 degree cuff, though it costs a bit extra but then you have peace of mind..So, I would recommend this..",7140T1
"Omron HEM 7140T1 Bluetooth Blood Pressure Monitor Most Recommended Brand by Doctors, with Japanese Technology, Cuff Wrapping Guide, Hypertension Indicator &amp; Intellisense Technology for accuracy measurement","2.0 out of 5 stars
Erratic",2,This is my second purchase of the same model as first one was really very good. But this monitor keeps giving erratic readings... Ran it thrice in succession and readings were varying more than 20 points. Not very reliable. More recently the numbers are coming very low. Unreliable product .... Have shifted back to the older one,7140T1
"Omron HEM 7140T1 Bluetooth Blood Pressure Monitor Most Recommended Brand by Doctors, with Japanese Technology, Cuff Wrapping Guide, Hypertension Indicator &amp; Intellisense Technology for accuracy measurement","4.0 out of 5 stars
Highly recommended for personal/home use",4,After a lot of research I had decided to buy this omron HEM-7156 due to the fact that it has the intelli sense technology which helps to get most accurate reading (coz accuracy comes first in priority while buying any BP monitor). Also the cuff size is universal (22-24 cm) so it fits with most of my family members. Also I use omron connect app to record all my measurements. The app is helpful in visualizing the overall picture of BP data accross week/month/year.I would prefer a type c or micro usb as a power adapter source instead of the old school adapter. Otherwise honestly I love the product.,7140T1
"Omron HEM 7140T1 Bluetooth Blood Pressure Monitor Most Recommended Brand by Doctors, with Japanese Technology, Cuff Wrapping Guide, Hypertension Indicator &amp; Intellisense Technology for accuracy measurement","4.0 out of 5 stars
oseful",4,easy to use.,7140T1
"Omron HEM 7140T1 Bluetooth Blood Pressure Monitor Most Recommended Brand by Doctors, with Japanese Technology, Cuff Wrapping Guide, Hypertension Indicator &amp; Intellisense Technology for accuracy measurement","4.0 out of 5 stars
OMRON BP HEM-7140T1",4,"Good and quality of the product. Already I had use same brand for 8yrs. This model, we transfer data to our phone for monitor month data.",7140T1
"Omron HEM 7140T1 Bluetooth Blood Pressure Monitor Most Recommended Brand by Doctors, with Japanese Technology, Cuff Wrapping Guide, Hypertension Indicator &amp; Intellisense Technology for accuracy measurement","5.0 out of 5 stars
Accurate as claimed",5,Useful for daily basis,7140T1
"Omron HEM 7140T1 Bluetooth Blood Pressure Monitor Most Recommended Brand by Doctors, with Japanese Technology, Cuff Wrapping Guide, Hypertension Indicator &amp; Intellisense Technology for accuracy measurement","5.0 out of 5 stars
Accurate reading and value for Money.",5,"With pleasure ,I would like to share my experience in using OMRON Automatic B P Monitor. In fact I had not used B. P monitors before, as I had some misgivings about their accuracy. So when my son presented OMRON Auto magic, I decided to check it's accuracy by comparing the reading with the reading done at a nearby clinic. Surprisingly the results were almost identical. Since then, I regularly use it twice a day for better monitoring of my B.P. It is very easy to operate. I use it on my own, without help from others. The cuff wrapper is also easy to fix, as it is Intelli-wrap. The memory feature is very helpful for my doctor to monitor the variations in readings. On the whole I am a satisfied user.Thank you OMRON.",7140T1
"Omron HEM 7140T1 Bluetooth Blood Pressure Monitor Most Recommended Brand by Doctors, with Japanese Technology, Cuff Wrapping Guide, Hypertension Indicator &amp; Intellisense Technology for accuracy measurement","4.0 out of 5 stars
Good Product and simple to use.",4,"Good product and simple to use. Till date no issues encountered. As far as accuracy concern, can't tell regarding this as I don't have other sources to match the reading. Negative part is that it shows always high if the reading goes beyond 120/80.",7140T1
"Omron HEM 7140T1 Bluetooth Blood Pressure Monitor Most Recommended Brand by Doctors, with Japanese Technology, Cuff Wrapping Guide, Hypertension Indicator &amp; Intellisense Technology for accuracy measurement","5.0 out of 5 stars
Perfect work",5,This product is very usefull and perfect measurement.,7140T1
"Omron HEM 7140T1 Bluetooth Blood Pressure Monitor Most Recommended Brand by Doctors, with Japanese Technology, Cuff Wrapping Guide, Hypertension Indicator &amp; Intellisense Technology for accuracy measurement","5.0 out of 5 stars
Excellent Product. Readings are very near to the Mercury BP Machine.",5,Excellent Product. I used it for more than 50 times and most of the times readings are displayed accurate. I crosschecked it with Mercury BP machine from a Lab. Readinds are very near to the Mercury BP machine.Simple to use and it is compact in size.  It has memory to store old readings so you can keep a track of your BP. Product came with a nice packaging and a carry pouch is also provided with the product.Omron is a reputed brand. This product comes with 3year warranty so you can buy it without any hesitation.,7140T1
"Omron HEM 7140T1 Bluetooth Blood Pressure Monitor Most Recommended Brand by Doctors, with Japanese Technology, Cuff Wrapping Guide, Hypertension Indicator &amp; Intellisense Technology for accuracy measurement","4.0 out of 5 stars
Good",4,Good,7140T1
"Omron HEM 7140T1 Bluetooth Blood Pressure Monitor Most Recommended Brand by Doctors, with Japanese Technology, Cuff Wrapping Guide, Hypertension Indicator &amp; Intellisense Technology for accuracy measurement","3.0 out of 5 stars
Warranty registration issue. Intelli-wrap is quite nice.",3,"Kind of hard to review this product. Readings match the older Omron unit I have. But difference is quite significant compared to readings taken by manual machines done by local physician within a short period of time. Omron warranty registration form is not accepting the serial number on the machine so that’s a mess. Build quality seems flimsy compared to the 10-year model I have. Connector makes a clickety sound which denotes locking but it seems fragile. On Off button also seems quite delicate. I do like the Intelli-wrap which is easier to use than regular straps. I have pinged the company’s support id for serial number issue. Hopefully they honor the warranty on devices purchased from Amazon India.Update: Pinged Omron and they said that with Amazon, invoice itself is good enough for warranty. Though I went through their warranty policy and it seems that they do not offer replacement unit under any circumstance so there's that.",7140T1
"Omron HEM 7140T1 Bluetooth Blood Pressure Monitor Most Recommended Brand by Doctors, with Japanese Technology, Cuff Wrapping Guide, Hypertension Indicator &amp; Intellisense Technology for accuracy measurement","5.0 out of 5 stars
Don't go for other brands",5,"At first I ordered BPL machine which was worst experience for me. I ordered it for my parents and it always showed error on father and wrong reading on me and mother.Then I ordered this one as it has 360 degree cuff sensors. And i must tell you readings are closest to accurate. Best brand for home bp measuring machine. I will suggest don't look at the cost, it may be Little bit costly but it's worth all cost.My machine is made in Vietnam version so everything looks good and perfect. Got 4 Duracell batteries with it. Overall quality of cuff and machine is far better. Than other brands.And once again i will shoutout this product for accuracy as compared to other brands in market.Just be sure about the origin of manufacturing, packet unused and then you will really be satisfied.One more thing, it's display is quite good(bigger and clear)As compared to BPL machine. So without any second thought you can go for it.",7140T1
"Omron HEM 7140T1 Bluetooth Blood Pressure Monitor Most Recommended Brand by Doctors, with Japanese Technology, Cuff Wrapping Guide, Hypertension Indicator &amp; Intellisense Technology for accuracy measurement","1.0 out of 5 stars
Fluctuating reading",1,Machine is showing fluctuating reading. Checked BP of same person for couple of times within 5 mins. Machine give grossly fluctuating results. Either faulty Machine or not calibrated properly. I will not rely on its results,7140T1
"Omron HEM 7140T1 Bluetooth Blood Pressure Monitor Most Recommended Brand by Doctors, with Japanese Technology, Cuff Wrapping Guide, Hypertension Indicator &amp; Intellisense Technology for accuracy measurement","4.0 out of 5 stars
Recieved a faulty product",4,"Update.After I received the replacement from Omron Service centre, the product is working great. I was informed the original product wasn't calibrated. But I opted for a replacement.Till now I was of an idea that the reading is correct, as i didn't had another monitor to compare it to. Nearly a family member died due to incorrect reading. How can this show actual 170/140 mm hg as 119/79 mm hg. I will speak to Omron customer care now for a replacement/ warranty claim",7140T1
"Omron HEM 7140T1 Bluetooth Blood Pressure Monitor Most Recommended Brand by Doctors, with Japanese Technology, Cuff Wrapping Guide, Hypertension Indicator &amp; Intellisense Technology for accuracy measurement","2.0 out of 5 stars
Adopter not provided",2,Adaptor not provided with battery cell,7140T1
"Omron HEM 7140T1 Bluetooth Blood Pressure Monitor Most Recommended Brand by Doctors, with Japanese Technology, Cuff Wrapping Guide, Hypertension Indicator &amp; Intellisense Technology for accuracy measurement","4.0 out of 5 stars
Ok",4,Ok not bad,7140T1
"Omron HEM 7140T1 Bluetooth Blood Pressure Monitor Most Recommended Brand by Doctors, with Japanese Technology, Cuff Wrapping Guide, Hypertension Indicator &amp; Intellisense Technology for accuracy measurement","5.0 out of 5 stars
Best BP monitor",5,"I would like to say that omron BP monitor is best product of the segment. Doctor,s first recommendation is Omron..I am very satisfied from my omron BP monitor... If you look best bp monitor than no doubt just go for it",7140T1
"Omron HEM 7140T1 Bluetooth Blood Pressure Monitor Most Recommended Brand by Doctors, with Japanese Technology, Cuff Wrapping Guide, Hypertension Indicator &amp; Intellisense Technology for accuracy measurement","4.0 out of 5 stars
Does what it says and the reading is accurate",4,"I am a doctor and I bought this for my mom so she doesn't have to rely on me or her physician. The cuff is easy to get around your arm and fits most arm sizes. The machine is easy to use with a clear, easy to read display. Readings are accurate within 2-4 mm of Hg when measured using the sphygmomanometer.Make sure to read the user manual and follow the instructions to the tee for an accurate reading.",7140T1
"Omron HEM 7140T1 Bluetooth Blood Pressure Monitor Most Recommended Brand by Doctors, with Japanese Technology, Cuff Wrapping Guide, Hypertension Indicator &amp; Intellisense Technology for accuracy measurement","5.0 out of 5 stars
A decent quality BP monitor",5,"After reading the reviews of so many brands and models of digital BP monitors, I have chosen this particular model especially because it has 360 deg Intelli Wrap cuff which is quite useful from practicality point of view. I have already used this monitor quite a number of times. I think the readings it shows are decently accurate if you follow the instructions in the manual. Only one thing that I would like the manufacturer to take a note of is that its manual says to keep tube on the cuff in certain particular directions while measuring on left or right hands, which I guess is not relevant for this particular model, as it has 360 deg Intelli Wrap cuff. We can keep the tube in any position on the cuff, only thing to keep in mind is that it doesn't get under your arm while measuring.",7140T1
"Omron HEM 7140T1 Bluetooth Blood Pressure Monitor Most Recommended Brand by Doctors, with Japanese Technology, Cuff Wrapping Guide, Hypertension Indicator &amp; Intellisense Technology for accuracy measurement","5.0 out of 5 stars
Quality product from Omron",5,"This is my second BP monitor from Omron. First one lasted for more than 10 years and needed replacement bcos the LCD display started fading. Omron products are built to last and from my experience, they are accurate and reliable. The only issue I faced from the new machine was with regard to the Intelli Wrap Cuff. Compared to ordinary cuff, this Intelli Wrap Cuff needs some time to familiarise and ease of use. If you are looking for a reliable BP monitor, go for Omron.",7140T1
"Omron HEM 7140T1 Bluetooth Blood Pressure Monitor Most Recommended Brand by Doctors, with Japanese Technology, Cuff Wrapping Guide, Hypertension Indicator &amp; Intellisense Technology for accuracy measurement","5.0 out of 5 stars
Nice And Genuine Product",5,i gift to my wife for use in hospital and lab. Nice And Genuine Product.,7140T1
"Omron HEM 7140T1 Bluetooth Blood Pressure Monitor Most Recommended Brand by Doctors, with Japanese Technology, Cuff Wrapping Guide, Hypertension Indicator &amp; Intellisense Technology for accuracy measurement","5.0 out of 5 stars
Best accuracy, easy to use",5,"1) I am using it for 2 months and I found the accuracy best when it is measured 2-3 times with a break of 2 or 3 minutes and calculated the average of the measurements. If you are finding less accurate results, then read the instruction manual well OR watch youtube videos about how to use it properly.2) The cuff size is a bit smaller (for a fatty person).3) AC adapter is not provided. You can buy it online if you want to. (I bought it from industryowl.com, don't get trapped in a fake website)4) You can use Omron connect app for your records, but I didn't find it too helpful. I was not able to record the results of two people separately. You can use a third-party app.",7140T1
"Omron HEM 7140T1 Bluetooth Blood Pressure Monitor Most Recommended Brand by Doctors, with Japanese Technology, Cuff Wrapping Guide, Hypertension Indicator &amp; Intellisense Technology for accuracy measurement","4.0 out of 5 stars
Consistent values.",4,"I just purchased it and used only twice. Both times, I took 3 readings each and the values were consistent enough but don't know whether accurate. Next time when I visit the doctor, I have to correlate the readings with Doctor's Sphygmomanometer to know the accuracy. The ad said it has 360 accuracy on the hand cuff, but the user manual says about the exact position of the tube on the hand when wrapping. You can keep your readings upto 60 readings with date. Can know the accuracy and consistency on prolonged use only",7140T1
"Omron HEM 7140T1 Bluetooth Blood Pressure Monitor Most Recommended Brand by Doctors, with Japanese Technology, Cuff Wrapping Guide, Hypertension Indicator &amp; Intellisense Technology for accuracy measurement","4.0 out of 5 stars
Omron blood pressure monitor,  nice experience",4,The Omron digital blood pressure monitor is good. We have a good experience with it and so we bought same one for my parents also.,7140T1
"Omron HEM 7140T1 Bluetooth Blood Pressure Monitor Most Recommended Brand by Doctors, with Japanese Technology, Cuff Wrapping Guide, Hypertension Indicator &amp; Intellisense Technology for accuracy measurement","5.0 out of 5 stars
FANTASTIC BP MONITOR",5,Excellent and fabulous product having nice and beautiful material.  Also provides maximum accurate readings of BP.  Nice and easy to use.,7140T1
"Omron HEM 7140T1 Bluetooth Blood Pressure Monitor Most Recommended Brand by Doctors, with Japanese Technology, Cuff Wrapping Guide, Hypertension Indicator &amp; Intellisense Technology for accuracy measurement","5.0 out of 5 stars
Easy to use",5,This Bp measuring machine is easy to use and it is automatically turn off after some time,7140T1
"Omron HEM 7140T1 Bluetooth Blood Pressure Monitor Most Recommended Brand by Doctors, with Japanese Technology, Cuff Wrapping Guide, Hypertension Indicator &amp; Intellisense Technology for accuracy measurement","4.0 out of 5 stars
Easy to use",4,"It has been working flawlessly for the most part, very comfortable, easy to use great device overall.",7140T1
"Omron HEM 7140T1 Bluetooth Blood Pressure Monitor Most Recommended Brand by Doctors, with Japanese Technology, Cuff Wrapping Guide, Hypertension Indicator &amp; Intellisense Technology for accuracy measurement","4.0 out of 5 stars
Nice Product",4,"I brought this product in May-2023. The product is nice, the battery provided is Duracell, not a cheap quality. Easy to use. Used for 1 week and everything is fine.",7140T1
"Omron HEM 7140T1 Bluetooth Blood Pressure Monitor Most Recommended Brand by Doctors, with Japanese Technology, Cuff Wrapping Guide, Hypertension Indicator &amp; Intellisense Technology for accuracy measurement","4.0 out of 5 stars
Very nice machine for home use",4,Well performing machine,7140T1
"Omron HEM 7140T1 Bluetooth Blood Pressure Monitor Most Recommended Brand by Doctors, with Japanese Technology, Cuff Wrapping Guide, Hypertension Indicator &amp; Intellisense Technology for accuracy measurement","4.0 out of 5 stars
Does it jib",4,Good product though gives different readings but not much variation. U can have it at home to chk ur BP.,7140T1
Omron HEM 7142T1 Digital Bluetooth Blood Pressure Monitor with Cuff Wrapping Guide &amp; Intellisense Technology For Most Accurate Measurement,"5.0 out of 5 stars
Extreme accuracy and repeatablity",5,"I received my BP Monitor 3-4 days ago I am using it since that day. Its performance is amazing. Highly accurate and dependable due to its accuracy. Before owning thus product, I was always worried about my BP as I am hypertensive and take Amlodipine 5mg daily since last 10 years. But now I check my BP regulary. The device is synched with the omron app. The date is exported to my app at tye click of a button. In the app the data can be dipayed in charts format, calender and diary format. With the help of these inputs I am now able to monitor my BP in a better way. Beleive me I am a lazy person and rarely visits a physixcian for BP check although high BP worries remined always at the back of my mind. Now with the ownership of such a dependable device, complete peace of mind.A highly recommended device which is totally portable due to its compact size and a must buy from my side.",7142T1
Omron HEM 7142T1 Digital Bluetooth Blood Pressure Monitor with Cuff Wrapping Guide &amp; Intellisense Technology For Most Accurate Measurement,"4.0 out of 5 stars
Good machine for bp monitor",4,I bought this machine 6 month above working very good it is from a trusted brand.. hospital also using this company machine.. should keep in home for elder or pregnancy people...happy purchase,7142T1
Omron HEM 7142T1 Digital Bluetooth Blood Pressure Monitor with Cuff Wrapping Guide &amp; Intellisense Technology For Most Accurate Measurement,"5.0 out of 5 stars
Has Bluetooth connectivity with mobile app",5,"Purchased this model for the following reasons: (1) Has Bluetooth connectivity with the Omron Connect app and all the BP measurements are recorded in the app for transmission to doctors; (2) Senior Citizens can use it easily without assistance; (3) both battery (supplied) and electric via adaptor (not supplied, extra purchase necessary); (4) brand warranty for 2 + 1 years provided registration is completed. To do this, use the Omron QR code and everything falls in place. Customer services are good with prompt responses; (5) acceptable results for monitoring daily BP.",7142T1
Omron HEM 7142T1 Digital Bluetooth Blood Pressure Monitor with Cuff Wrapping Guide &amp; Intellisense Technology For Most Accurate Measurement,"5.0 out of 5 stars
Good product",5,"Good company product, good quality. Easy to use. Best for medical checkup.",7142T1
Omron HEM 7142T1 Digital Bluetooth Blood Pressure Monitor with Cuff Wrapping Guide &amp; Intellisense Technology For Most Accurate Measurement,"4.0 out of 5 stars
Hit-and-Miss Accuracy",4,"I recently purchased the digital blood pressure monitor, and I have some mixed feelings about it. While it's convenient to use, I've noticed that the accuracy of the measurements can be inconsistent. Sometimes, it displays the correct blood pressure values, but on other occasions, it deviates from the actual values, making it challenging to rely on its readings.Another issue I encountered was with the warranty registration process. Unfortunately, I couldn't register the product for warranty as it consistently showed an error message indicating that the warranty was not valid or something of that sort. This was quite frustrating as I had hoped to have the peace of mind of warranty coverage.In summary, the digital blood pressure monitor offers convenience but falls short in terms of measurement accuracy and warranty registration. It's essential to consider these factors when making a purchase decision.",7142T1
Omron HEM 7142T1 Digital Bluetooth Blood Pressure Monitor with Cuff Wrapping Guide &amp; Intellisense Technology For Most Accurate Measurement,"5.0 out of 5 stars
Very good Quality",5,This is very Goods quality and product,7142T1
Omron HEM 7142T1 Digital Bluetooth Blood Pressure Monitor with Cuff Wrapping Guide &amp; Intellisense Technology For Most Accurate Measurement,"3.0 out of 5 stars
Accurate readings, but app doesn't connect to device",3,"I have tried with two different phones, but have been unable to get the Bluetooth connectivity to work using the app. In fact, the app does not even have India as a country!I could have just used a lower-priced model if I were to be writing down the readings manually!",7142T1
Omron HEM 7142T1 Digital Bluetooth Blood Pressure Monitor with Cuff Wrapping Guide &amp; Intellisense Technology For Most Accurate Measurement,"5.0 out of 5 stars
Great product",5,Received in a good condition. I liked the product.,7142T1
Omron HEM 7142T1 Digital Bluetooth Blood Pressure Monitor with Cuff Wrapping Guide &amp; Intellisense Technology For Most Accurate Measurement,"4.0 out of 5 stars
समय समय पर अपना रक्तचाप की जांच करें।",4,मैं और मेरी पत्नी उच्च रक्तचाप से ग्रसित हैं। हमें समय-समय पर रक्तचाप आंकलन करना पड़ता है। इसके द्वारा  मापा मुझे गया रक्तचाप शुद्ध होता है ।Amron BP Opretor पर हमें पूरा विश्वास है।,7142T1
Omron HEM 7142T1 Digital Bluetooth Blood Pressure Monitor with Cuff Wrapping Guide &amp; Intellisense Technology For Most Accurate Measurement,"4.0 out of 5 stars
Value for money",4,Dear Amazon TeamItem received as I expected. It is working good.Thanks,7142T1
Omron HEM 7142T1 Digital Bluetooth Blood Pressure Monitor with Cuff Wrapping Guide &amp; Intellisense Technology For Most Accurate Measurement,"5.0 out of 5 stars
Good product",5,Good product,7142T1
Omron HEM 7142T1 Digital Bluetooth Blood Pressure Monitor with Cuff Wrapping Guide &amp; Intellisense Technology For Most Accurate Measurement,"5.0 out of 5 stars
Good product",5,go for it,7142T1
Omron HEM 7142T1 Digital Bluetooth Blood Pressure Monitor with Cuff Wrapping Guide &amp; Intellisense Technology For Most Accurate Measurement,"5.0 out of 5 stars
Great product",5,High accuracy,7142T1
Omron HEM 7142T1 Digital Bluetooth Blood Pressure Monitor with Cuff Wrapping Guide &amp; Intellisense Technology For Most Accurate Measurement,"5.0 out of 5 stars
Working good",5,Works with Bluetooth.. Results seem correct,7142T1
Omron HEM 7142T1 Digital Bluetooth Blood Pressure Monitor with Cuff Wrapping Guide &amp; Intellisense Technology For Most Accurate Measurement,"3.0 out of 5 stars
purchased to know Blood Pressure readings at home  whenever required.",3,We submit:the product need replacement  or exchange.Multiple Readings show  Blood pressure at  200+/80+ which which are not correct as BP at Doctor's  clinic show 180-/80-.,7142T1
Omron HEM 7142T1 Digital Bluetooth Blood Pressure Monitor with Cuff Wrapping Guide &amp; Intellisense Technology For Most Accurate Measurement,"4.0 out of 5 stars
Easy to Use",4,Overall good product.  Very easy to use and set up.,7142T1
Omron HEM 7142T1 Digital Bluetooth Blood Pressure Monitor with Cuff Wrapping Guide &amp; Intellisense Technology For Most Accurate Measurement,"5.0 out of 5 stars
Does work well",5,Sometime result does not accurately but its works well most of the time,7142T1
Omron HEM 7142T1 Digital Bluetooth Blood Pressure Monitor with Cuff Wrapping Guide &amp; Intellisense Technology For Most Accurate Measurement,"5.0 out of 5 stars
Excellent & Easy To Use Product",5,"This product is just amazing & easy to use,I have this machine above 6 month and is very Good, Priceing of this product is also good,I had brought for my mother and it's very useful for her,must buy this product for family members.",7142T1
Omron HEM 7142T1 Digital Bluetooth Blood Pressure Monitor with Cuff Wrapping Guide &amp; Intellisense Technology For Most Accurate Measurement,"4.0 out of 5 stars
Nice for home use",4,"Omron has been a staple BP device at home for years.This model replaced an older one which started giving erratic readings and sometimes even wouldn't start.It's definitely better in tech, the motor is quite silent and has additional features that we like. One can monitor the trend in app.Overall useful and worth buying.",7142T1
Omron HEM 7142T1 Digital Bluetooth Blood Pressure Monitor with Cuff Wrapping Guide &amp; Intellisense Technology For Most Accurate Measurement,"5.0 out of 5 stars
Omron Hem 7142 is superb",5,Excellent product,7142T1
Omron HEM 7142T1 Digital Bluetooth Blood Pressure Monitor with Cuff Wrapping Guide &amp; Intellisense Technology For Most Accurate Measurement,"4.0 out of 5 stars
Warranty Issue",4,"The product is working fine, but when I tried to register the device with omron for warranty it neither did show the product model nor did it recognize the serial number of the device for claim of warranty. The site showed that the product was purchased from the dealer which is not authorized to sell the device. I dodged a complaint with the omron with all documents of purchase. I hope amazon is aware of this situation.",7142T1
Omron HEM 7142T1 Digital Bluetooth Blood Pressure Monitor with Cuff Wrapping Guide &amp; Intellisense Technology For Most Accurate Measurement,"4.0 out of 5 stars
Good",4,But not value for money when compared to other devices,7142T1
Omron HEM 7142T1 Digital Bluetooth Blood Pressure Monitor with Cuff Wrapping Guide &amp; Intellisense Technology For Most Accurate Measurement,"4.0 out of 5 stars
Hand cuff can be bigger",4,"Hand cuff is not large enough for most of the males. If ur biceps size is more than 14 inch, u will face issue with the handcuff. And bigger hand cuff need to be purchased separately.",7142T1
Omron HEM 7142T1 Digital Bluetooth Blood Pressure Monitor with Cuff Wrapping Guide &amp; Intellisense Technology For Most Accurate Measurement,"5.0 out of 5 stars
Accurate, User-Friendly, and Essential for Home Health Monitoring",5,"The Omron HEM 7142T1 is a reliable blood pressure monitor with user-friendly features. Its accuracy, ease of use, and comfortable cuff make it an excellent choice for monitoring health at home.",7142T1
Omron HEM 7142T1 Digital Bluetooth Blood Pressure Monitor with Cuff Wrapping Guide &amp; Intellisense Technology For Most Accurate Measurement,"5.0 out of 5 stars
Excellent device.",5,Using this device for more than 6 months. It’s very reliable. I have compared the readings with the medical centers and they have almways matched.,7142T1
Omron HEM 7142T1 Digital Bluetooth Blood Pressure Monitor with Cuff Wrapping Guide &amp; Intellisense Technology For Most Accurate Measurement,"4.0 out of 5 stars
Works all right",4,Replaced and got working product,7142T1
Omron HEM 7142T1 Digital Bluetooth Blood Pressure Monitor with Cuff Wrapping Guide &amp; Intellisense Technology For Most Accurate Measurement,"5.0 out of 5 stars
Accurate reading and easy to use",5,The monitor gives very close to accurate reading with excellent battery life. Moreover it is very easy to use.,7142T1
Omron HEM 7142T1 Digital Bluetooth Blood Pressure Monitor with Cuff Wrapping Guide &amp; Intellisense Technology For Most Accurate Measurement,"5.0 out of 5 stars
Good product",5,"Product is with good working condition, batteries are also included. Happy with this product. I am writing this review after 3 months no problem arises still now",7142T1
Omron HEM 7142T1 Digital Bluetooth Blood Pressure Monitor with Cuff Wrapping Guide &amp; Intellisense Technology For Most Accurate Measurement,"5.0 out of 5 stars
Very nice and elegant easy to use it",5,Very nice quality product is this BP machine I just got it at correct timeVery useful information just go ahead for it,7142T1
Omron HEM 7142T1 Digital Bluetooth Blood Pressure Monitor with Cuff Wrapping Guide &amp; Intellisense Technology For Most Accurate Measurement,"5.0 out of 5 stars
Relatable BP monitor",5,Omron is well recognized and trusted brand and I am satisfied with its products as I am using it since past 10 years and measurements are near to accurate. Being a doctor I highly recommend amongst that is available in market.,7142T1
Omron HEM 7142T1 Digital Bluetooth Blood Pressure Monitor with Cuff Wrapping Guide &amp; Intellisense Technology For Most Accurate Measurement,"5.0 out of 5 stars
Working very well.....after 6 months.",5,Product is good & working nicely from last 6 months.,7142T1
Omron HEM 7142T1 Digital Bluetooth Blood Pressure Monitor with Cuff Wrapping Guide &amp; Intellisense Technology For Most Accurate Measurement,"5.0 out of 5 stars
Easy to Use & Value for Money",5,"Easy to use, accurate, compact size. Pricing is Good, Value for Money. Must buy",7142T1
Omron HEM 7142T1 Digital Bluetooth Blood Pressure Monitor with Cuff Wrapping Guide &amp; Intellisense Technology For Most Accurate Measurement,"5.0 out of 5 stars
Omron HEM 7142T1 Digital Bluetooth Blood Pressure Monitor",5,Omron HEM 7142T1 Digital Bluetooth Blood Pressure Monitor with Cuff Wrapping Guide & Intellisense Technology is hardly and accurate,7142T1
Omron HEM 7142T1 Digital Bluetooth Blood Pressure Monitor with Cuff Wrapping Guide &amp; Intellisense Technology For Most Accurate Measurement,"5.0 out of 5 stars
Value for money",5,This is a value for money product and bluetooth feature is really useful to keep handy your BP results. Its easy to use and operate. Its a must needed product these days at home and Omron BP monitor helped me keep track of my and my family blood pressure.,7142T1
Omron HEM 7142T1 Digital Bluetooth Blood Pressure Monitor with Cuff Wrapping Guide &amp; Intellisense Technology For Most Accurate Measurement,"4.0 out of 5 stars
GOOD",4,GOOD,7142T1
Omron HEM 7142T1 Digital Bluetooth Blood Pressure Monitor with Cuff Wrapping Guide &amp; Intellisense Technology For Most Accurate Measurement,"2.0 out of 5 stars
Product is good",2,Good product and result are nearby accurate result. But product is old manufacturing of2022 . Its not new product of this year or 2023. Within this price range they should atleast provide with the charger if not then they ahould keep their charger charges reasonable selling at 600 rs is bot worth to buy there charger. Gor daily check up you should go for this brand only.,7142T1
Omron HEM 7142T1 Digital Bluetooth Blood Pressure Monitor with Cuff Wrapping Guide &amp; Intellisense Technology For Most Accurate Measurement,"5.0 out of 5 stars
Omron is the brand, where you can trust upon.",5,I am the customer of omron past 25 years and this product I have purchased in 3 months back. This is working perfectly fine...,7142T1
Omron HEM 7142T1 Digital Bluetooth Blood Pressure Monitor with Cuff Wrapping Guide &amp; Intellisense Technology For Most Accurate Measurement,"2.0 out of 5 stars
Hand cloth strip band is bit short not able fit properly on hand",2,Product is good but hand strip band is bit short not able to cover hand,7142T1
Omron HEM 7142T1 Digital Bluetooth Blood Pressure Monitor with Cuff Wrapping Guide &amp; Intellisense Technology For Most Accurate Measurement,"5.0 out of 5 stars
Awesome",5,Very nice ☺️🙂,7142T1
Omron HEM 7142T1 Digital Bluetooth Blood Pressure Monitor with Cuff Wrapping Guide &amp; Intellisense Technology For Most Accurate Measurement,"3.0 out of 5 stars
Good.",3,Product is good but there is no accessary with this product like no machine cover and no charger.,7142T1
Omron HEM 7142T1 Digital Bluetooth Blood Pressure Monitor with Cuff Wrapping Guide &amp; Intellisense Technology For Most Accurate Measurement,"3.0 out of 5 stars
Take note of Cuff size.",3,The cuff size was way too small (24 cm only) did not fit my arm and hence could not use at all. The length of the tube is also short. Should give the option to choose cuff size while ordering. Now I have to either return or buy larger cuff separately,7142T1
Omron HEM 7142T1 Digital Bluetooth Blood Pressure Monitor with Cuff Wrapping Guide &amp; Intellisense Technology For Most Accurate Measurement,"5.0 out of 5 stars
MY BP machine",5,Overall a Good product. Sometimes does not give accurate reasding so need to check B.P.again & again till you get 2 consecutively correct readings.,7142T1
Omron HEM 7142T1 Digital Bluetooth Blood Pressure Monitor with Cuff Wrapping Guide &amp; Intellisense Technology For Most Accurate Measurement,"3.0 out of 5 stars
There is huge diffrence in reading of same person at same time",3,Dislike,7142T1
Omron HEM 7142T1 Digital Bluetooth Blood Pressure Monitor with Cuff Wrapping Guide &amp; Intellisense Technology For Most Accurate Measurement,"5.0 out of 5 stars
Accurate and Amazing",5,"Very nice product from a trusted brand.Gives accuratw reading.Easy to operate.Must have for every home, for self health monitoring.",7142T1
Omron HEM 7142T1 Digital Bluetooth Blood Pressure Monitor with Cuff Wrapping Guide &amp; Intellisense Technology For Most Accurate Measurement,"5.0 out of 5 stars
Very good",5,Product is Excellent but Charger are not given,7142T1
Omron HEM 7142T1 Digital Bluetooth Blood Pressure Monitor with Cuff Wrapping Guide &amp; Intellisense Technology For Most Accurate Measurement,"5.0 out of 5 stars
Product review",5,Quality and functionality is excellent of this product,7142T1
Omron HEM 7142T1 Digital Bluetooth Blood Pressure Monitor with Cuff Wrapping Guide &amp; Intellisense Technology For Most Accurate Measurement,"5.0 out of 5 stars
Must have",5,Must have .,7142T1
Omron HEM 7142T1 Digital Bluetooth Blood Pressure Monitor with Cuff Wrapping Guide &amp; Intellisense Technology For Most Accurate Measurement,"5.0 out of 5 stars
Very nice, accurate and easy to use",5,"Easy to use, accurate, compact size, good battery life. Must buy",7142T1
Omron HEM 7142T1 Digital Bluetooth Blood Pressure Monitor with Cuff Wrapping Guide &amp; Intellisense Technology For Most Accurate Measurement,"5.0 out of 5 stars
Very Nice Product",5,Very easy & simple to operate; Measures accurate Blood Pressure.,7142T1
Omron HEM 7142T1 Digital Bluetooth Blood Pressure Monitor with Cuff Wrapping Guide &amp; Intellisense Technology For Most Accurate Measurement,"5.0 out of 5 stars
Top quality 100% accurate results",5,Good quality 100% accurate results i am happy with monitor thanks omron,7142T1
Omron HEM 7142T1 Digital Bluetooth Blood Pressure Monitor with Cuff Wrapping Guide &amp; Intellisense Technology For Most Accurate Measurement,"2.0 out of 5 stars
Battery Hungry Machine",2,Performance wise it is same as any other machine but it consumes too much battery. It is saying low battery within 10 dags of use.,7142T1
Omron HEM 7142T1 Digital Bluetooth Blood Pressure Monitor with Cuff Wrapping Guide &amp; Intellisense Technology For Most Accurate Measurement,"5.0 out of 5 stars
Useful product",5,Useful product,7142T1
Omron HEM 7142T1 Digital Bluetooth Blood Pressure Monitor with Cuff Wrapping Guide &amp; Intellisense Technology For Most Accurate Measurement,"5.0 out of 5 stars
v good product",5,i like the product.,7142T1
Omron HEM 7142T1 Digital Bluetooth Blood Pressure Monitor with Cuff Wrapping Guide &amp; Intellisense Technology For Most Accurate Measurement,"5.0 out of 5 stars
Your item not as per order",5,Dislike,7142T1
Omron HEM 7142T1 Digital Bluetooth Blood Pressure Monitor with Cuff Wrapping Guide &amp; Intellisense Technology For Most Accurate Measurement,"2.0 out of 5 stars
ठीक है पर अच्छा नहीं है",2,रात मे रीडिंग देखने में परेशानी होती है रात में रीडिंग पढ़ने के लिए लाइट नहीं है कब भी छोटा है,7142T1
Omron HEM 7142T1 Digital Bluetooth Blood Pressure Monitor with Cuff Wrapping Guide &amp; Intellisense Technology For Most Accurate Measurement,"1.0 out of 5 stars
Always wrong reading",1,"From day 1 it's showing such low BP.Then we thought may be we are having this much bp only .Then we tried it with people who have high BP and then as well extremely low readings , then we compared with other machines and we got to know that it's faulty machine",7142T1
Omron HEM 7142T1 Digital Bluetooth Blood Pressure Monitor with Cuff Wrapping Guide &amp; Intellisense Technology For Most Accurate Measurement,"1.0 out of 5 stars
After five month of use divice stooped working.",1,My BP MONITOR IS NOT WORKING .. I PURCHASED IT IN AUGUST. AFTER 5 MONTHS OF USE BP MONITOR STOPPED WORKING ..,7142T1
Omron HEM 7142T1 Digital Bluetooth Blood Pressure Monitor with Cuff Wrapping Guide &amp; Intellisense Technology For Most Accurate Measurement,"1.0 out of 5 stars
Horrible equipment not working the new one purchased",1,"This BP measuring equipment is horrible not working it worked for 3 days after that it  stopped working, extremely dissatisfied",7142T1
Omron HEM 7142T1 Digital Bluetooth Blood Pressure Monitor with Cuff Wrapping Guide &amp; Intellisense Technology For Most Accurate Measurement,"1.0 out of 5 stars
Bp monitor not working",1,Very bad product after 2 time use this machine is not working,7142T1
Omron HEM 7142T1 Digital Bluetooth Blood Pressure Monitor with Cuff Wrapping Guide &amp; Intellisense Technology For Most Accurate Measurement,"1.0 out of 5 stars
Very poor accuracy",1,Poor performance,7142T1
Omron HEM 7142T1 Digital Bluetooth Blood Pressure Monitor with Cuff Wrapping Guide &amp; Intellisense Technology For Most Accurate Measurement,"5.0 out of 5 stars
Value for money",5,I had used an earlier model for 9 years. This is also providing good service. However the readings are not accurate.  The error however is constant.,7142T1
Omron HEM 7143T1A Digital Bluetooth Blood Pressure Monitor with Cuff Wrapping Guide &amp; Intellisense Technology For Most Accurate Measurement (Adapter Included),"5.0 out of 5 stars
A very good buy.",5,"A very useful device for keeping a check on the BP and pulse. It's very simple to use and even teenagers can operate it without much problems. It's very portable and this can be carried to the office or during travels. It has an adapter to for using if the batteries run out.In short, very useful for persons with BP issues.",7143T1A
Omron HEM 7143T1A Digital Bluetooth Blood Pressure Monitor with Cuff Wrapping Guide &amp; Intellisense Technology For Most Accurate Measurement (Adapter Included),"4.0 out of 5 stars
Nice product",4,Good product works with both battery and charger,7143T1A
Omron HEM 7143T1A Digital Bluetooth Blood Pressure Monitor with Cuff Wrapping Guide &amp; Intellisense Technology For Most Accurate Measurement (Adapter Included),"5.0 out of 5 stars
Accurate reading",5,Got it today and working fine .,7143T1A
Omron HEM 7143T1A Digital Bluetooth Blood Pressure Monitor with Cuff Wrapping Guide &amp; Intellisense Technology For Most Accurate Measurement (Adapter Included),"5.0 out of 5 stars
BP Machine",5,Very Efficient and easy to use with ease and comfort,7143T1A
Omron HEM 7143T1A Digital Bluetooth Blood Pressure Monitor with Cuff Wrapping Guide &amp; Intellisense Technology For Most Accurate Measurement (Adapter Included),"5.0 out of 5 stars
This product is really good",5,This has option for battery and also adapter. Pls note that there is no inbuilt battery. This comes handy that everytime we do not need to go with battery option rather use the adapter while using.The product is very good and since it is digital the readings may not be accurate but would be close to 90% or so.,7143T1A
Omron HEM 7143T1A Digital Bluetooth Blood Pressure Monitor with Cuff Wrapping Guide &amp; Intellisense Technology For Most Accurate Measurement (Adapter Included),"4.0 out of 5 stars
Good purchase. Go for it!",4,Good product.. This is powered by electricity apart from battery Which is a very nice feature.,7143T1A
Omron HEM 7143T1A Digital Bluetooth Blood Pressure Monitor with Cuff Wrapping Guide &amp; Intellisense Technology For Most Accurate Measurement (Adapter Included),"3.0 out of 5 stars
accurate but needs several major improvements",3,"The product is accurate, the app is good BUT needs these important improvements:1. ACCURACY:  It simply averages the first two readings and stores that as your reading in the app. Now, in my case, the first reading is always higher by a 10+ points. Ideally, it's good to discard the first reading and then average the next two. I read online that for those who are anxious about their reading, the first reading tends to be higher. I have taken 3 readings in 3 minutes, with 20 to 30mm difference between the lowest and highest.2. SHARING: Not easy to share the device with someone else in family. all readings upload into your profile on the app. there is a no intuitive/easy to use method to take a guest measurement.3. BATTERY: I purchased and use with a power adapter, but the app still asks me to have battery installed for connectivity with the app. why ?4. BACKLIGHT: needed when reading is taken at the bedside in low light conditions like early morning or just before going to sleep.",7143T1A
Omron HEM 7143T1A Digital Bluetooth Blood Pressure Monitor with Cuff Wrapping Guide &amp; Intellisense Technology For Most Accurate Measurement (Adapter Included),"5.0 out of 5 stars
Product is good",5,"Little pricey as compared to other brands, but it’s good, no machine is 100 percent accurate but nearly correct only",7143T1A
Omron HEM 7143T1A Digital Bluetooth Blood Pressure Monitor with Cuff Wrapping Guide &amp; Intellisense Technology For Most Accurate Measurement (Adapter Included),"4.0 out of 5 stars
Ok",4,Average product,7143T1A
Omron HEM 7143T1A Digital Bluetooth Blood Pressure Monitor with Cuff Wrapping Guide &amp; Intellisense Technology For Most Accurate Measurement (Adapter Included),"4.0 out of 5 stars
Best",4,Its best product,7143T1A
Omron HEM 7143T1A Digital Bluetooth Blood Pressure Monitor with Cuff Wrapping Guide &amp; Intellisense Technology For Most Accurate Measurement (Adapter Included),"4.0 out of 5 stars
जैसा चाहिए वैसा है",4,ब्लड प्रेसर मापने हेतु,7143T1A
Omron HEM 7143T1A Digital Bluetooth Blood Pressure Monitor with Cuff Wrapping Guide &amp; Intellisense Technology For Most Accurate Measurement (Adapter Included),"4.0 out of 5 stars
nothing",4,I AM NOT SATISFIED WITH THE WRAP AROUND CUFF IS NOT SO GOOD QUALITY ITS THIN AND CAN BE BREAK SOON,7143T1A
Omron HEM 7143T1A Digital Bluetooth Blood Pressure Monitor with Cuff Wrapping Guide &amp; Intellisense Technology For Most Accurate Measurement (Adapter Included),"4.0 out of 5 stars
Good",4,Nice,7143T1A
Omron HEM 7143T1A Digital Bluetooth Blood Pressure Monitor with Cuff Wrapping Guide &amp; Intellisense Technology For Most Accurate Measurement (Adapter Included),"4.0 out of 5 stars
Simple to use",4,Getting reading accurately and we have adapter to connect to power,7143T1A
Omron HEM 7143T1A Digital Bluetooth Blood Pressure Monitor with Cuff Wrapping Guide &amp; Intellisense Technology For Most Accurate Measurement (Adapter Included),"5.0 out of 5 stars
Value for money,",5,Very good accuracy.no need of battery,7143T1A
Omron HEM 7143T1A Digital Bluetooth Blood Pressure Monitor with Cuff Wrapping Guide &amp; Intellisense Technology For Most Accurate Measurement (Adapter Included),"5.0 out of 5 stars
anithasvinod1978@gmail.com",5,"Cuff size too small, otherwise ok",7143T1A
Omron HEM 7143T1A Digital Bluetooth Blood Pressure Monitor with Cuff Wrapping Guide &amp; Intellisense Technology For Most Accurate Measurement (Adapter Included),"5.0 out of 5 stars
Excellent features 👍👍",5,"Very accurate readings. Super fast connection with Smart phone via bluetooth. Duel charge functionality. Your health records ( BP ) always at finger tips. A must have device in every home.  Cons are -  Not usable by multiple persons. Air plug is a bit tight. Cuff size is only 22 - 32 cms, which may  need replacement for BIG hands.  Extended warranty available if registered through the app. Any how, best  quality BP machine available in India today atthis price.",7143T1A
Omron HEM 7143T1A Digital Bluetooth Blood Pressure Monitor with Cuff Wrapping Guide &amp; Intellisense Technology For Most Accurate Measurement (Adapter Included),"4.0 out of 5 stars
It’s near in Every home",4,"Everyone is suffering with baby, so it is required to Good brand product. Home company is very good. One of my doctor suggested this product. We are using last three months. It was showing accurate results.",7143T1A
Omron HEM 7143T1A Digital Bluetooth Blood Pressure Monitor with Cuff Wrapping Guide &amp; Intellisense Technology For Most Accurate Measurement (Adapter Included),"5.0 out of 5 stars
Essential Home Appliance",5,"Nowadays, it is must for a home like we buy TV, fridge, washing machine etc. Health is in prime sector now whether old or young. It's a ready to use machine, very cute and accurate so far. One can carry this gadget along with a fingertip pulse Oximeter in the travel bag for any emergency. Keeping these will help reduce stress to going out to a pharmacy and looking for a doctor in a simple cause. Price is also very moderate.",7143T1A
Omron HEM 7143T1A Digital Bluetooth Blood Pressure Monitor with Cuff Wrapping Guide &amp; Intellisense Technology For Most Accurate Measurement (Adapter Included),"5.0 out of 5 stars
Very good",5,Good in comparison to battery operated monitors.It also has battery function but no need to insert battery and just connect adaptor and use unlimited times without thinking of battery percentage and spending more money. It's one time investment and readings are also accurate.,7143T1A
Omron HEM 7143T1A Digital Bluetooth Blood Pressure Monitor with Cuff Wrapping Guide &amp; Intellisense Technology For Most Accurate Measurement (Adapter Included),"5.0 out of 5 stars
Good one",5,Good One,7143T1A
Omron HEM 7143T1A Digital Bluetooth Blood Pressure Monitor with Cuff Wrapping Guide &amp; Intellisense Technology For Most Accurate Measurement (Adapter Included),"4.0 out of 5 stars
i have given 4 star because price is almost 2.5 times more costly. but accuracy is very good.",4,u may purchase this item for good accuracy. i purchased it on Amazon at 2500/- aprx. but it charged very much for an electronic version. and it does not support a USB port so u cannot use in a power bank or with a USB charger device.,7143T1A
Omron HEM 7143T1A Digital Bluetooth Blood Pressure Monitor with Cuff Wrapping Guide &amp; Intellisense Technology For Most Accurate Measurement (Adapter Included),"3.0 out of 5 stars
Does not give accurate reading",3,"The media could not be loaded.
                



Not happy with this product, there is difference of 20 -30 points , i.e measurement comes 20 points less than a manual BP instrument.",7143T1A
Omron HEM 7143T1A Digital Bluetooth Blood Pressure Monitor with Cuff Wrapping Guide &amp; Intellisense Technology For Most Accurate Measurement (Adapter Included),"5.0 out of 5 stars
Good",5,Very important in every house. Nice productValue for money,7143T1A
Omron HEM 7143T1A Digital Bluetooth Blood Pressure Monitor with Cuff Wrapping Guide &amp; Intellisense Technology For Most Accurate Measurement (Adapter Included),"5.0 out of 5 stars
Accurate measurement",5,"Give more or less accurate measurement. Bought during wife's pregnancy, was good device to measure and share report to doctor.",7143T1A
Omron HEM 7143T1A Digital Bluetooth Blood Pressure Monitor with Cuff Wrapping Guide &amp; Intellisense Technology For Most Accurate Measurement (Adapter Included),"4.0 out of 5 stars
Branded Life saving product in home",4,Branded and trust worthy product in home care for self and neighbors. Life saving equipment user-friendly and easy handling.,7143T1A
Omron HEM 7143T1A Digital Bluetooth Blood Pressure Monitor with Cuff Wrapping Guide &amp; Intellisense Technology For Most Accurate Measurement (Adapter Included),"5.0 out of 5 stars
Raja Dharmapuri",5,Super,7143T1A
Omron HEM 7143T1A Digital Bluetooth Blood Pressure Monitor with Cuff Wrapping Guide &amp; Intellisense Technology For Most Accurate Measurement (Adapter Included),"5.0 out of 5 stars
A very good product",5,"Initially I have hesitated to purchase this product, however, this turned out to be a really good product. It works on both battery and power adapter well and gives  ratings +1 or -1 which is accepted. Definitely worth purchasing and value for money.",7143T1A
Omron HEM 7143T1A Digital Bluetooth Blood Pressure Monitor with Cuff Wrapping Guide &amp; Intellisense Technology For Most Accurate Measurement (Adapter Included),"5.0 out of 5 stars
Nice",5,It is good,7143T1A
Omron HEM 7143T1A Digital Bluetooth Blood Pressure Monitor with Cuff Wrapping Guide &amp; Intellisense Technology For Most Accurate Measurement (Adapter Included),"4.0 out of 5 stars
Omron bp monitor HEM 7143T1-A",4,Hand cuff is small in size,7143T1A
Omron HEM 7143T1A Digital Bluetooth Blood Pressure Monitor with Cuff Wrapping Guide &amp; Intellisense Technology For Most Accurate Measurement (Adapter Included),"4.0 out of 5 stars
Affordable",4,The price is fine and the product is easy to use at home,7143T1A
Omron HEM 7143T1A Digital Bluetooth Blood Pressure Monitor with Cuff Wrapping Guide &amp; Intellisense Technology For Most Accurate Measurement (Adapter Included),"4.0 out of 5 stars
Useful",4,Good,7143T1A
Omron HEM 7143T1A Digital Bluetooth Blood Pressure Monitor with Cuff Wrapping Guide &amp; Intellisense Technology For Most Accurate Measurement (Adapter Included),"4.0 out of 5 stars
Good Product for Blood Pressure Monitoring",4,"This is worth it product to buy in 1700 rupees. The only problem is that, this can be operated only by batteries which will drain very frequently there is no option to use with power adapter. Otherwise the results are so accurate and precise.",7143T1A
Omron HEM 7143T1A Digital Bluetooth Blood Pressure Monitor with Cuff Wrapping Guide &amp; Intellisense Technology For Most Accurate Measurement (Adapter Included),"5.0 out of 5 stars
Flawless execution...",5,Perfectly executed and delivered on time.,7143T1A
Omron HEM 7143T1A Digital Bluetooth Blood Pressure Monitor with Cuff Wrapping Guide &amp; Intellisense Technology For Most Accurate Measurement (Adapter Included),"4.0 out of 5 stars
Good product",4,It worls very well,7143T1A
Omron HEM 7143T1A Digital Bluetooth Blood Pressure Monitor with Cuff Wrapping Guide &amp; Intellisense Technology For Most Accurate Measurement (Adapter Included),"4.0 out of 5 stars
Size of the cuff needed to be improved",4,"The quality of the product is good 😊Working condition is good""But the size of the cuff ( belt) is too small and need to be improved""😕Anyhow the product is good 😊",7143T1A
Omron HEM 7143T1A Digital Bluetooth Blood Pressure Monitor with Cuff Wrapping Guide &amp; Intellisense Technology For Most Accurate Measurement (Adapter Included),"5.0 out of 5 stars
Mind blowing product",5,Mind blowing product,7143T1A
Omron HEM 7143T1A Digital Bluetooth Blood Pressure Monitor with Cuff Wrapping Guide &amp; Intellisense Technology For Most Accurate Measurement (Adapter Included),"5.0 out of 5 stars
Best BP machine with electric chord",5,Purchased second time as with out bettery using electric chord its gives best accurate reading.  As usong only with battery when battery is low it gives flactuate readings .Best to use in this proce range although price has got increased now .Blindly go for it and register it in the app to get a 3 years warranty.,7143T1A
Omron HEM 7143T1A Digital Bluetooth Blood Pressure Monitor with Cuff Wrapping Guide &amp; Intellisense Technology For Most Accurate Measurement (Adapter Included),"5.0 out of 5 stars
Good product",5,Excellent Performance and better featured. Vakue is high.,7143T1A
Omron HEM 7143T1A Digital Bluetooth Blood Pressure Monitor with Cuff Wrapping Guide &amp; Intellisense Technology For Most Accurate Measurement (Adapter Included),"2.0 out of 5 stars
Problems in adjustment of cuff",2,I want to return becoz cuff get problem,7143T1A
Omron HEM 7143T1A Digital Bluetooth Blood Pressure Monitor with Cuff Wrapping Guide &amp; Intellisense Technology For Most Accurate Measurement (Adapter Included),"5.0 out of 5 stars
Good product",5,It is a good product. But its diastolic reading has an error of around +2 points. Overall good product,7143T1A
Omron HEM 7143T1A Digital Bluetooth Blood Pressure Monitor with Cuff Wrapping Guide &amp; Intellisense Technology For Most Accurate Measurement (Adapter Included),"4.0 out of 5 stars
Easy to Carry and use",4,Good Quality. Working fine. Easy to carry and use. No issues related to Machine till now.,7143T1A
Omron HEM 7143T1A Digital Bluetooth Blood Pressure Monitor with Cuff Wrapping Guide &amp; Intellisense Technology For Most Accurate Measurement (Adapter Included),"5.0 out of 5 stars
Easy to use",5,Value for money,7143T1A
Omron HEM 7143T1A Digital Bluetooth Blood Pressure Monitor with Cuff Wrapping Guide &amp; Intellisense Technology For Most Accurate Measurement (Adapter Included),"4.0 out of 5 stars
Size of the flap around the hand",4,"The product is great, the only con of this product  is that the flap for the hand is for people’s arms who aren’t that fat or say healthy in size. Would be great if there were sizes available",7143T1A
Omron HEM 7143T1A Digital Bluetooth Blood Pressure Monitor with Cuff Wrapping Guide &amp; Intellisense Technology For Most Accurate Measurement (Adapter Included),"5.0 out of 5 stars
A good instrument overall",5,"Bluetooth, Omron app, and the adapter add to the value of the instrument. It has no rechargeable battery. Needs disposable batteries. Adapter saves the need for any batteries.",7143T1A
Omron HEM 7143T1A Digital Bluetooth Blood Pressure Monitor with Cuff Wrapping Guide &amp; Intellisense Technology For Most Accurate Measurement (Adapter Included),"2.0 out of 5 stars
खराब मळकट",2,अगोदरच product box open केलेला होता..... Charging cell सुद्धा open hoteअसे वाटत नवीन product नसून वापलेलं आहे....,7143T1A
Omron HEM 7143T1A Digital Bluetooth Blood Pressure Monitor with Cuff Wrapping Guide &amp; Intellisense Technology For Most Accurate Measurement (Adapter Included),"4.0 out of 5 stars
Decent Product",4,There is no doubt that product is very handy but sometimes it shows faulty readings mostly in case if your bp is high then it will exaggerate it 10-20 points. Otherwise so far it's working quite good.,7143T1A
Omron HEM 7143T1A Digital Bluetooth Blood Pressure Monitor with Cuff Wrapping Guide &amp; Intellisense Technology For Most Accurate Measurement (Adapter Included),"5.0 out of 5 stars
Product quality",5,Good product,7143T1A
Omron HEM 7143T1A Digital Bluetooth Blood Pressure Monitor with Cuff Wrapping Guide &amp; Intellisense Technology For Most Accurate Measurement (Adapter Included),"5.0 out of 5 stars
Good Quality!",5,"The quality of product is good, along with great service from Amazon. Loved it 👏👏👏",7143T1A
Omron HEM 7143T1A Digital Bluetooth Blood Pressure Monitor with Cuff Wrapping Guide &amp; Intellisense Technology For Most Accurate Measurement (Adapter Included),"5.0 out of 5 stars
Good product",5,Good product. It is better to buy the product with adapter if you are using the machine at home. The machine is good.,7143T1A
Omron HEM 7143T1A Digital Bluetooth Blood Pressure Monitor with Cuff Wrapping Guide &amp; Intellisense Technology For Most Accurate Measurement (Adapter Included),"4.0 out of 5 stars
Size issue",4,The arm size is small for a grown up man.,7143T1A
Omron HEM 7143T1A Digital Bluetooth Blood Pressure Monitor with Cuff Wrapping Guide &amp; Intellisense Technology For Most Accurate Measurement (Adapter Included),"5.0 out of 5 stars
Good",5,Very good,7143T1A
Omron HEM 7143T1A Digital Bluetooth Blood Pressure Monitor with Cuff Wrapping Guide &amp; Intellisense Technology For Most Accurate Measurement (Adapter Included),"5.0 out of 5 stars
Basic product works as expected",5,Convinent for diy checks. Works as expected.However they have a reward program which doesn't work as all redeemable products are always out of stock,7143T1A
Omron HEM 7143T1A Digital Bluetooth Blood Pressure Monitor with Cuff Wrapping Guide &amp; Intellisense Technology For Most Accurate Measurement (Adapter Included),"4.0 out of 5 stars
As per advertised",4,As advertised; worth the money,7143T1A
Omron HEM 7143T1A Digital Bluetooth Blood Pressure Monitor with Cuff Wrapping Guide &amp; Intellisense Technology For Most Accurate Measurement (Adapter Included),"5.0 out of 5 stars
Accuracy",5,"Hello  sir,product is very good and its results are good",7143T1A
Omron HEM 7143T1A Digital Bluetooth Blood Pressure Monitor with Cuff Wrapping Guide &amp; Intellisense Technology For Most Accurate Measurement (Adapter Included),"1.0 out of 5 stars
नाप सही नही बताता, एक बार कुछ नाप तो दूसरी बार बहुत ज्यादा अंतर",1,"नाप सही नही बताता, एक बार कुछ नाप तो दूसरी बार बहुत ज्यादा अंतर। माना कि हर बार रीडिंग अलग होगी ही। पर बहुत ज्यादा अंतर सेकंड में ही सही नही।मैने एक बार नापने के बाद दुबारा उसी लगे हुवे पट्टे(कफ) पर नाप दिया तो ऊपर नीचे का bp तो थोड़ा अंतर था ठीक है। मगर ऊपर के bp में 18 पॉइंट का अंतर (फ़ोटो देखें) ।मशीन बेकार है। कोई दूसरे ब्रांड पर जाना चाहिए। मगर Dr. Morepen नही, वो भी घटिया है, तभी दूसरी मंगाया।",7143T1A
Omron HEM 7143T1A Digital Bluetooth Blood Pressure Monitor with Cuff Wrapping Guide &amp; Intellisense Technology For Most Accurate Measurement (Adapter Included),"4.0 out of 5 stars
Good",4,Nice Reding,7143T1A
Omron HEM 7143T1A Digital Bluetooth Blood Pressure Monitor with Cuff Wrapping Guide &amp; Intellisense Technology For Most Accurate Measurement (Adapter Included),"5.0 out of 5 stars
Accuracy?",5,Good,7143T1A
Omron HEM 7143T1A Digital Bluetooth Blood Pressure Monitor with Cuff Wrapping Guide &amp; Intellisense Technology For Most Accurate Measurement (Adapter Included),"5.0 out of 5 stars
Good product",5,With buying,7143T1A
Omron HEM 7143T1A Digital Bluetooth Blood Pressure Monitor with Cuff Wrapping Guide &amp; Intellisense Technology For Most Accurate Measurement (Adapter Included),"5.0 out of 5 stars
Very good brand & quality",5,"Omron being the leading manufacturers of medical products, there is no doubt in product quality or the performance. It is a very good product & I have purchased almost 4 to 5 BP monitoring machine from past 10years & none of them have failed till date. The readings are comparable with the regular mercury machines. Good to buy.",7143T1A
Omron HEM 7143T1A Digital Bluetooth Blood Pressure Monitor with Cuff Wrapping Guide &amp; Intellisense Technology For Most Accurate Measurement (Adapter Included),"4.0 out of 5 stars
Simple n perfect",4,The omron blood pressure monitor is very user friendly and build quality is very great. So it is very long term investment. In this 3 months of use I not even changed the battery also. It makes power efficient. The readings of the apparatus is also accurate checked with the doctors manual readings.So in the end it is worth investing in the apparatus and it is need of the hour.,7143T1A
Omron HEM 7143T1A Digital Bluetooth Blood Pressure Monitor with Cuff Wrapping Guide &amp; Intellisense Technology For Most Accurate Measurement (Adapter Included),"3.0 out of 5 stars
Only recommended for arm size less than 13 inch",3,I can't use it to measure the pressure of my mother as the arm cuff is 22 to 32 cm or 9 to 13 inch. It's accurate.,7143T1A
Omron HEM 7143T1A Digital Bluetooth Blood Pressure Monitor with Cuff Wrapping Guide &amp; Intellisense Technology For Most Accurate Measurement (Adapter Included),"5.0 out of 5 stars
Just pruchase this model with adapter.",5,"Omron is best in BP monitor, as it provide accurate reading. You can check comparing the increment of point during measure should be less i.e 5-6 point one every second. that is provided by omron only. Less the incremnts of number while taking reading, more the accuracy. Other machines increments more than 6 and goes upto 15.With adapter model, no need to purchase battery. That makes it cost effective.",7143T1A
Omron HEM 7143T1A Digital Bluetooth Blood Pressure Monitor with Cuff Wrapping Guide &amp; Intellisense Technology For Most Accurate Measurement (Adapter Included),"5.0 out of 5 stars
Pressure monitor",5,Excellent,7143T1A
Omron HEM 7143T1A Digital Bluetooth Blood Pressure Monitor with Cuff Wrapping Guide &amp; Intellisense Technology For Most Accurate Measurement (Adapter Included),"3.0 out of 5 stars
Accuracy & Ease of Operation",3,It mentioned AC/ DC power but received unit can work only on battery  there is no option for AC adaptor to connect.,7143T1A
Omron HEM 7143T1A Digital Bluetooth Blood Pressure Monitor with Cuff Wrapping Guide &amp; Intellisense Technology For Most Accurate Measurement (Adapter Included),"3.0 out of 5 stars
Band length is short",3,Band which is used to wrap on hand is short .. since I was out of station I couldn’t retrn on time .. other than that good,7143T1A
Omron HEM 7143T1A Digital Bluetooth Blood Pressure Monitor with Cuff Wrapping Guide &amp; Intellisense Technology For Most Accurate Measurement (Adapter Included),"5.0 out of 5 stars
Good",5,1. Accurate reading.2. Good product.,7143T1A
Omron HEM 7143T1A Digital Bluetooth Blood Pressure Monitor with Cuff Wrapping Guide &amp; Intellisense Technology For Most Accurate Measurement (Adapter Included),"5.0 out of 5 stars
Good",5,Good,7143T1A
Omron HEM 7143T1A Digital Bluetooth Blood Pressure Monitor with Cuff Wrapping Guide &amp; Intellisense Technology For Most Accurate Measurement (Adapter Included),"5.0 out of 5 stars
What is the warranty period.",5,"As I am an aged person, I want to check blood pressure at regular intervals.",7143T1A
Omron HEM 7143T1A Digital Bluetooth Blood Pressure Monitor with Cuff Wrapping Guide &amp; Intellisense Technology For Most Accurate Measurement (Adapter Included),"3.0 out of 5 stars
Useful product, BT works well, OMRON PLEASE MAKE USER 1, USER2 IN THE APPARATUS ITSELF",3,"BT connection with my android is good. Omron connect software is primitive type.BP diary is good but it syncs all the readings stored in the BP apparatus memory. No way to separate BP readings of family members in the app or BP apparatus itself.Every time, I have to delete the memory of apparatus, then take the readings and store in my phone. Then, again delete the memory of apparatus, wife takes the readings of her BP and stored in her phone.There should be users accounts in BP apparatus itself and as soon as app connects with it the apparatus app should ask with account to sync.",7143T1A
Omron HEM 7143T1A Digital Bluetooth Blood Pressure Monitor with Cuff Wrapping Guide &amp; Intellisense Technology For Most Accurate Measurement (Adapter Included),"4.0 out of 5 stars
easy to use",4,Working perfectly.,7143T1A
Omron HEM 7143T1A Digital Bluetooth Blood Pressure Monitor with Cuff Wrapping Guide &amp; Intellisense Technology For Most Accurate Measurement (Adapter Included),"4.0 out of 5 stars
Must have",4,Read the manual carefully.,7143T1A
Omron HEM 7143T1A Digital Bluetooth Blood Pressure Monitor with Cuff Wrapping Guide &amp; Intellisense Technology For Most Accurate Measurement (Adapter Included),"4.0 out of 5 stars
Item is not as shown on site",4,"Readings are also fluctuating at same time for same person . Not fitting to all arms , it's small to fit arm .",7143T1A
Omron HEM 7143T1A Digital Bluetooth Blood Pressure Monitor with Cuff Wrapping Guide &amp; Intellisense Technology For Most Accurate Measurement (Adapter Included),"4.0 out of 5 stars
Good to have one",4,Its good omron the name you can bank uponCons.. Strap is to small can't be used by people's having bigger biceps(15 inch),7143T1A
Omron HEM 7143T1A Digital Bluetooth Blood Pressure Monitor with Cuff Wrapping Guide &amp; Intellisense Technology For Most Accurate Measurement (Adapter Included),"5.0 out of 5 stars
Omron HEM 7121J Fully Automatic Digital Blood Pressure Monitor",5,The Omron HEM 7121J is  fully automatic bp machine and it is very easy to use. Best for household use and saves  time.,7143T1A
Omron HEM 7143T1A Digital Bluetooth Blood Pressure Monitor with Cuff Wrapping Guide &amp; Intellisense Technology For Most Accurate Measurement (Adapter Included),"3.0 out of 5 stars
Small Product",3,This belt is so small. It's not fitting iny hands.,7143T1A
Omron HEM 7143T1A Digital Bluetooth Blood Pressure Monitor with Cuff Wrapping Guide &amp; Intellisense Technology For Most Accurate Measurement (Adapter Included),"5.0 out of 5 stars
Worthy",5,Nice 👍👍👍👍👍👍👍👍👍,7143T1A
Omron HEM 7143T1A Digital Bluetooth Blood Pressure Monitor with Cuff Wrapping Guide &amp; Intellisense Technology For Most Accurate Measurement (Adapter Included),"3.0 out of 5 stars
No back light on display",3,There is no back light on the displayCannot see any reading on the display in darkNot sure about accuracy,7143T1A
Omron HEM 7143T1A Digital Bluetooth Blood Pressure Monitor with Cuff Wrapping Guide &amp; Intellisense Technology For Most Accurate Measurement (Adapter Included),"1.0 out of 5 stars
No accuracy in reading, Not recommend.",1,"Sometime its showing high and then in a min its going to low. No accuracy, Not recommend. Found huge gaps in reading.",7143T1A
Omron HEM 7143T1A Digital Bluetooth Blood Pressure Monitor with Cuff Wrapping Guide &amp; Intellisense Technology For Most Accurate Measurement (Adapter Included),"1.0 out of 5 stars
Wrong BP figures",1,The measured BP readings are wrong as it never cross 100 for upper limit and 70 for lower limit while with Dr BP instrument my BP is 120/80.,7143T1A
Omron HEM 7143T1A Digital Bluetooth Blood Pressure Monitor with Cuff Wrapping Guide &amp; Intellisense Technology For Most Accurate Measurement (Adapter Included),"4.0 out of 5 stars
Just okay",4,Measurement is not accurate it is very when I test 2nd and 3rd time. Not giving constant output,7143T1A
Omron HEM 7143T1A Digital Bluetooth Blood Pressure Monitor with Cuff Wrapping Guide &amp; Intellisense Technology For Most Accurate Measurement (Adapter Included),"5.0 out of 5 stars
😊😊",5,Bp mashine bahut aacha hai,7143T1A
Omron HEM 7143T1A Digital Bluetooth Blood Pressure Monitor with Cuff Wrapping Guide &amp; Intellisense Technology For Most Accurate Measurement (Adapter Included),"5.0 out of 5 stars
good",5,after using 1 week  its good easy accurate,7143T1A
Omron HEM 7143T1A Digital Bluetooth Blood Pressure Monitor with Cuff Wrapping Guide &amp; Intellisense Technology For Most Accurate Measurement (Adapter Included),"4.0 out of 5 stars
Nice product",4,Very good,7143T1A
Omron HEM 7143T1A Digital Bluetooth Blood Pressure Monitor with Cuff Wrapping Guide &amp; Intellisense Technology For Most Accurate Measurement (Adapter Included),"4.0 out of 5 stars
rajendrajain848@gmail.com",4,अच्छा है,7143T1A
Omron HEM 7143T1A Digital Bluetooth Blood Pressure Monitor with Cuff Wrapping Guide &amp; Intellisense Technology For Most Accurate Measurement (Adapter Included),"4.0 out of 5 stars
Very simple and user friendly",4,Machine is very easy to use. Accurate in showing the BP,7143T1A
Omron HEM 7143T1A Digital Bluetooth Blood Pressure Monitor with Cuff Wrapping Guide &amp; Intellisense Technology For Most Accurate Measurement (Adapter Included),"4.0 out of 5 stars
It works well.",4,The numerals are small as compared to the earlier model.,7143T1A
Omron HEM 7143T1A Digital Bluetooth Blood Pressure Monitor with Cuff Wrapping Guide &amp; Intellisense Technology For Most Accurate Measurement (Adapter Included),"4.0 out of 5 stars
Good",4,Near accurate readings. Safer than mercury equipped BP apparatus,7143T1A
Omron HEM 7143T1A Digital Bluetooth Blood Pressure Monitor with Cuff Wrapping Guide &amp; Intellisense Technology For Most Accurate Measurement (Adapter Included),"4.0 out of 5 stars
Ok",4,Good,7143T1A
Omron HEM 7143T1A Digital Bluetooth Blood Pressure Monitor with Cuff Wrapping Guide &amp; Intellisense Technology For Most Accurate Measurement (Adapter Included),"5.0 out of 5 stars
Nice product.",5,Nice product. No issues found wrt function.,7143T1A
Omron HEM 7156 T Digital Blood Pressure Monitor with 360° Accuracy Intelli Wrap Cuff for All Arm Sizes Accurate Measurements and Bluetooth Connectivity,"5.0 out of 5 stars
Great and Reliable Product",5,"The Omron HEM 7156T Digital Blood Pressure Monitor is a great option for anyone who wants an accurate, easy-to-use, and feature-rich blood pressure monitor.One of the best things about this monitor is its accuracy. It uses IntelliWrap 360° accuracy technology, which ensures that you get accurate readings regardless of how the cuff is wrapped around your arm. This is important because even a small difference in cuff placement can affect the accuracy of your readings.The HEM 7156T is also very easy to use. The large display makes it easy to read the readings, and the buttons are clearly labeled. There is also a cuff wrapping guide that helps you to get the cuff wrapped correctly for the most accurate readings.In addition to being accurate and easy to use, the HEM 7156T also has a number of other features that make it a great choice. These features include:Bluetooth connectivity: This allows you to connect the monitor to your smartphone and sync your readings to the Omron Connect app. The app allows you to track your blood pressure over time, set goals, and share your data with your doctor.Memory for up to 2 users: This allows you to store up to 200 readings for each user, so you can track your progress over time.Hypertension indicator: This feature alerts you if your blood pressure is high, so you can take steps to lower it.Body movement detection: This feature detects if you move during a measurement and prompts you to retake the measurement.Overall, the Omron HEM 7156T Digital Blood Pressure Monitor is a great option for anyone who wants an accurate, easy-to-use, and feature-rich blood pressure monitor. It is well-priced and backed by a 5-year warranty, so you can be confident that you are making a wise investment.Here are some pros and cons of the Omron HEM 7156T Digital Blood Pressure Monitor:Pros:AccurateEasy to useBluetooth connectivityMemory for up to 2 usersHypertension indicatorBody movement detection5-year warrantyCons:The cuff can be a bit tight for some people.The display is not backlit, so it can be difficult to read in low light.Overall, I would highly recommend the Omron HEM 7156T Digital Blood Pressure Monitor to anyone who is looking for an accurate, easy-to-use, and feature-rich blood pressure monitor.",7156T
Omron HEM 7156 T Digital Blood Pressure Monitor with 360° Accuracy Intelli Wrap Cuff for All Arm Sizes Accurate Measurements and Bluetooth Connectivity,"4.0 out of 5 stars
Great product.",4,"One gets confused while selection of glucose meters from Omron. I bought first Omron meter in 2005 and it still works. I bought this one thinking they might have used latest technology but other than arm band, nothing has changed significantly. One thing I should mention that the meters accuracy has increased after comparing with clinic readings. Display is improved, connectivity with mobile phones etc is provided. Battery life is significantly improved. Buy it for good accuracy.",7156T
Omron HEM 7156 T Digital Blood Pressure Monitor with 360° Accuracy Intelli Wrap Cuff for All Arm Sizes Accurate Measurements and Bluetooth Connectivity,"5.0 out of 5 stars
Amazing Product",5,"I recently purchased the Omron Digital Blood Pressure Monitor, and I must say, it has exceeded my expectations. As someone who needs to monitor their blood pressure regularly, this device has been an invaluable addition to my daily routine.First and foremost, the accuracy of the readings is impressive. The Omron monitor consistently provides precise measurements, allowing me to track my blood pressure levels with confidence. The device's advanced technology ensures reliable results, giving me peace of mind when it comes to monitoring my health.One of the standout features of this blood pressure monitor is its ease of use. The large digital display is clear and easy to read, even for individuals with vision impairments. The intuitive design and straightforward operation make it simple for anyone to take their blood pressure readings at home, without the need for assistance.I appreciate the Omron monitor's memory function, which allows me to store and review past readings. This feature helps me keep track of any changes in my blood pressure over time and share the information with my healthcare provider during check-ups. It's a convenient way to monitor my progress and take proactive measures to maintain a healthy blood pressure level.Furthermore, the cuff provided with the monitor is adjustable and comfortable to wear. It fits securely around my arm, ensuring accurate readings without any discomfort. The cuff is also suitable for a range of arm sizes, making it versatile for various users.In terms of build quality, the Omron Digital Blood Pressure Monitor feels solid and durable. The materials used are of high quality, and I have confidence that this device will last for a long time with proper care.Overall, I highly recommend the Omron Digital Blood Pressure Monitor to anyone in need of a reliable and user-friendly device for monitoring their blood pressure. It provides accurate readings, is easy to use, and comes with useful features that enhance the monitoring experience. With this device, I feel empowered to take control of my health and make informed decisions to maintain a healthy blood pressure level.",7156T
Omron HEM 7156 T Digital Blood Pressure Monitor with 360° Accuracy Intelli Wrap Cuff for All Arm Sizes Accurate Measurements and Bluetooth Connectivity,"5.0 out of 5 stars
Accurate and Reliable with added features like Bluetooth",5,"Rating: ⭐⭐⭐⭐⭐I recently purchased the Omron Blood Pressure Monitor, and I am extremely impressed with its performance and reliability. Here's why I highly recommend the Omron Blood Pressure Monitor:1. Accuracy: One of the most crucial aspects of a blood pressure monitor is its accuracy, and the Omron device exceeds expectations in this regard.2. Ease of Use: The Omron Blood Pressure Monitor is incredibly user-friendly. The large, easy-to-read display ensures that I can view my blood pressure readings effortlessly.3. Comfortable Cuff: The cuff of the Omron Blood Pressure Monitor is designed with comfort in mind.4. Memory Functionality: This blood pressure monitor features a convenient memory function that allows me to track my blood pressure trends over time. Also using bluetooth it connects to omron connect app which gives you more insights about blood pressure.5. Portable and Travel-Friendly: The compact size of the Omron Blood Pressure Monitor makes it highly portable.6. Trustworthy Brand: Omron is a renowned name in the healthcare industry, known for its commitment to producing high-quality and reliable medical devices.",7156T
Omron HEM 7156 T Digital Blood Pressure Monitor with 360° Accuracy Intelli Wrap Cuff for All Arm Sizes Accurate Measurements and Bluetooth Connectivity,"4.0 out of 5 stars
Decent",4,"Though it's not very accurate i like the detail buttons it has, Bluetooth, sides and previous readings and has app which feeds the past readings...on the box it said that to make average on 3 readings to get accurate results..it has a nice build quality... only used one time but has to use atleast for 6 months for the best review to give.",7156T
Omron HEM 7156 T Digital Blood Pressure Monitor with 360° Accuracy Intelli Wrap Cuff for All Arm Sizes Accurate Measurements and Bluetooth Connectivity,"5.0 out of 5 stars
Good product",5,"Go for it ,very easy to use ..good gift to parents",7156T
Omron HEM 7156 T Digital Blood Pressure Monitor with 360° Accuracy Intelli Wrap Cuff for All Arm Sizes Accurate Measurements and Bluetooth Connectivity,"5.0 out of 5 stars
Excellent for daily health monitoring",5,"The Omron HEM 7156 T Digital Blood Pressure Monitor is a remarkable device that effortlessly combines accuracy, convenience, and modern technology to provide a comprehensive health monitoring solution.One of the standout features of this blood pressure monitor is its Intelli Wrap Cuff with 360° Accuracy. This innovative cuff design ensures that you achieve accurate measurements regardless of how you position it on your arm. This is a game-changer for anyone who's struggled with traditional cuffs and the precise placement they require.The accuracy of this device is truly impressive. When it comes to health measurements, precision is paramount, and the Omron HEM 7156 T delivers just that. You can trust the readings to be dependable and reflective of your true health status.Bluetooth connectivity takes this device to the next level. With the ability to sync your measurements to a smartphone or tablet, you can effortlessly track your blood pressure trends over time. This feature is invaluable for anyone who's committed to managing their health proactively. It turns the act of monitoring into a tech-savvy, data-driven experience that aligns with modern health practices.The user-friendly interface and simple controls make this blood pressure monitor accessible to individuals of all ages. It's reassuring to know that a device with such advanced technology remains intuitive and easy to use, even for those who might not be tech-savvy.The Omron brand itself is synonymous with quality and reliability in the medical device industry. It's comforting to know that you're investing in a product that's backed by a reputable and established company known for its commitment to accuracy and innovation.In conclusion, the Omron HEM 7156 T Digital Blood Pressure Monitor is a must-have for anyone who prioritizes their health and well-being. The combination of Intelli Wrap Cuff, accurate measurements, and Bluetooth connectivity make it a standout choice in the market. Whether you're managing a health condition or simply staying proactive about your health goals, this device empowers you with the information you need in a user-friendly, technologically advanced package. It's a worthy investment that offers both peace of mind and actionable insights into your health journey.",7156T
Omron HEM 7156 T Digital Blood Pressure Monitor with 360° Accuracy Intelli Wrap Cuff for All Arm Sizes Accurate Measurements and Bluetooth Connectivity,"1.0 out of 5 stars
Mishandled Package and product Box Torn",1,I would like to zero Rating but only positive thing was the delivery timing as the product arrived 3 days before the expected date of deliveryThis has been my worst experience with Amazon packaging and the product was also not upto the expectations.Outer Box was mis handled and product box was already open and torn from one side. Though the product was physically intact but there were errors in pressure readings. It was inconsistent in providing accurate results and not showing history of the readings as was mentioned. Other features of bluetooth connectivity were not tested and we had issued a return of the product immediately.,7156T
Omron HEM 7156 T Digital Blood Pressure Monitor with 360° Accuracy Intelli Wrap Cuff for All Arm Sizes Accurate Measurements and Bluetooth Connectivity,"4.0 out of 5 stars
Quality Health care product",4,Have been using a earlier model of same producer and the reason to buy one for my son.  Product is user friendly and reliable.,7156T
Omron HEM 7156 T Digital Blood Pressure Monitor with 360° Accuracy Intelli Wrap Cuff for All Arm Sizes Accurate Measurements and Bluetooth Connectivity,"5.0 out of 5 stars
Best product",5,Good one.used for more than a year. Best product,7156T
Omron HEM 7156 T Digital Blood Pressure Monitor with 360° Accuracy Intelli Wrap Cuff for All Arm Sizes Accurate Measurements and Bluetooth Connectivity,"3.0 out of 5 stars
Average",3,Average product,7156T
Omron HEM 7156 T Digital Blood Pressure Monitor with 360° Accuracy Intelli Wrap Cuff for All Arm Sizes Accurate Measurements and Bluetooth Connectivity,"5.0 out of 5 stars
Good device",5,can record only data for one person in the app. looks like Omron expects us to buy one device per person,7156T
Omron HEM 7156 T Digital Blood Pressure Monitor with 360° Accuracy Intelli Wrap Cuff for All Arm Sizes Accurate Measurements and Bluetooth Connectivity,"4.0 out of 5 stars
Very Easy to use.. Accurate, Fast reading",4,"Have used omron bp monitor an older model earlier was happy and bought this new model. Veey easy to install and use. The Omron app is helpful. Connects veey quickly to your phone and syncs very fast. Happy with this 7156T model.The bag quality could surely have been better. Also the batteries included were duracell, this was a pleasant surprise,  instead of the usual cheap Chinese batteries.",7156T
Omron HEM 7156 T Digital Blood Pressure Monitor with 360° Accuracy Intelli Wrap Cuff for All Arm Sizes Accurate Measurements and Bluetooth Connectivity,"4.0 out of 5 stars
This product is good",4,This product is good and very accurate reading show.,7156T
Omron HEM 7156 T Digital Blood Pressure Monitor with 360° Accuracy Intelli Wrap Cuff for All Arm Sizes Accurate Measurements and Bluetooth Connectivity,"5.0 out of 5 stars
Accurate BP readings",5,"Purchased from Electronics Bazaar Store (invoiced from KAY KAY OVERSEAS CORPORATION). The item received is not having any manufacturer's seal, it means it may come like this or returned or openbox item. However it does not have any scratches or any traces of use, except instruction manual's first page is in folded condition at corner 2 and invoice was inside manufacrer's package.Omran website is accepting re-regisstration of same serial no twice after a gap of an hour.My previous 4year old BP machine (Dr Trust Afib.Pro) is showing an error of 15mg lesser than actual for my family member who is CKD and CLD,  now facing changes in sugar from high to low, bp from high to low. They are to be monitored, to change medication as early as possible. However it is showing only 5mg less on me,  when compared to mercury type BP machine used by doctor or qualified person of hospital.I have observed that the digital bp machine available at reception of hepatolgist of a corporate hospital was not even able to recognise the BP with repeated errors. However, it was showing on some other people.At some other famous hospital , iDr. Morepen (probably B02) digital BP m/c was able to show accurately on my above family member. Further it was very quick, as it recognises the BP during inflation itself, unlike my Dr Trust or Omron which pressurises first and recognise BP value during depressurization.I have purchased Omran HEM 7156T based it's design, features like 360 deg cuff. The cuff it self holds arm snugly, so no need to worry about loose or excess tight or requirment of other person help and feedback on accuracy at reviews (thanks for revieers). But there is an issue between approx 22cm to 28cm arm size, as there is a possibility of interruption in interlocking due to bump of air pipe and low width of hooking Velcro strip. Cuff may slip during inflation, if extra precaution is not taken by pressing firmly which ever is larger area on either side of airpipe bump .I am happy to note that it is able to recognise the pressure of my difficult to measure family member's BP accurately, probably within  specified +/- 3mg.It connected to phone through Bluetooth but in 2nd attempt and I refused to take cloud after agreeing to share data as there is no option not to share.(i) Use in a single hand either left or right.(ii) The first reading is the accurate reading .If you need 2nd or 3rd reading,  pl . take with an interval of 5minutes in between each reading in order to get accurate readingsI feel one can go for it.",7156T
Omron HEM 7156 T Digital Blood Pressure Monitor with 360° Accuracy Intelli Wrap Cuff for All Arm Sizes Accurate Measurements and Bluetooth Connectivity,"4.0 out of 5 stars
Best in the range.",4,Works good with day to day pressure measurement and gives accurate result. I'm giving it 4 star because it has Bluetooth which will transfer record of reading in the phone but it will only show the current reading also the app is not as user friendly.So my suggestion will be if you want to buy a pressure machine go with this brand but you don't have to spend money for the ble tooth.,7156T
Omron HEM 7156 T Digital Blood Pressure Monitor with 360° Accuracy Intelli Wrap Cuff for All Arm Sizes Accurate Measurements and Bluetooth Connectivity,"4.0 out of 5 stars
Product is good.",4,I have been using this BP monitor since one year. It’s working fine.The advantage with this is that you can sync your recordings with the mobile application which provides which helps in tracking previous recordings and also it comes with a adjustable wrap cuff which I am still figuring out how it has an advantage with the regular one.,7156T
Omron HEM 7156 T Digital Blood Pressure Monitor with 360° Accuracy Intelli Wrap Cuff for All Arm Sizes Accurate Measurements and Bluetooth Connectivity,"5.0 out of 5 stars
GOOD QUALITY",5,GOOD QUALITY MUST BUY,7156T
Omron HEM 7156 T Digital Blood Pressure Monitor with 360° Accuracy Intelli Wrap Cuff for All Arm Sizes Accurate Measurements and Bluetooth Connectivity,"3.0 out of 5 stars
Buttons are bit inconsistent",3,The buttons are bit loose and gets switched on automatically. Will rate it average,7156T
Omron HEM 7156 T Digital Blood Pressure Monitor with 360° Accuracy Intelli Wrap Cuff for All Arm Sizes Accurate Measurements and Bluetooth Connectivity,"5.0 out of 5 stars
Excellent! Fits all arm lengths",5,Excellent! Fits all arm lengths and accurate,7156T
Omron HEM 7156 T Digital Blood Pressure Monitor with 360° Accuracy Intelli Wrap Cuff for All Arm Sizes Accurate Measurements and Bluetooth Connectivity,"4.0 out of 5 stars
Excellent and Reliable bp monitor",4,"Omron HEM 7156T Digital Blood Pressure Monitor uses Intelli Wrap Cuff with 360° Accuracy which gives more accurate result  and it is also very easy to wrap. This device has bluetooth feature which is used to sync device with its mobile application to store device readings. Only drawback I found in this devce is backlight which is not available in this device, which makes it difficult to read in low light. Overall, this is a excellent product.",7156T
Omron HEM 7156 T Digital Blood Pressure Monitor with 360° Accuracy Intelli Wrap Cuff for All Arm Sizes Accurate Measurements and Bluetooth Connectivity,"5.0 out of 5 stars
Long term review (After using 6 months)",5,I used this BP monitor for nearly 6 months by now and my observations are-1. Build quality is excellent.2. Repeatability of reading taken in succession is within plus / minus 33. Connector of pipe is good in this model which got loose in my previous machine.4. Cuff pad quality has improved compared to  previous model.5. A nice carry pouch was provided along with the BP monitor.6. Seamless data transfer to mobile via Bluetooth.Cons: No data delete option has been provided for the measurement by guests and that data is also transferred to mobile unwontedly.,7156T
Omron HEM 7156 T Digital Blood Pressure Monitor with 360° Accuracy Intelli Wrap Cuff for All Arm Sizes Accurate Measurements and Bluetooth Connectivity,"4.0 out of 5 stars
B P monitor",4,Nice and easy to use product. Blood pressure is such a dicey thing cannot really comment on the accuracy. However nowadays most doctors also use a similar product so should be OK.,7156T
Omron HEM 7156 T Digital Blood Pressure Monitor with 360° Accuracy Intelli Wrap Cuff for All Arm Sizes Accurate Measurements and Bluetooth Connectivity,"4.0 out of 5 stars
Trustable",4,It's been more than 6 months and device is still working fine ....,7156T
Omron HEM 7156 T Digital Blood Pressure Monitor with 360° Accuracy Intelli Wrap Cuff for All Arm Sizes Accurate Measurements and Bluetooth Connectivity,"2.0 out of 5 stars
Not worth the money paid",2,"I have been using this electronic bp apparatus for several months now. When compared to the manually operated mercury bp apparatus, the reading given by this equipment is very poor and nowhere near the actuals. If you take readings four times in a row, each result would be widely different. I don't recommend this apparatus to anyone.",7156T
Omron HEM 7156 T Digital Blood Pressure Monitor with 360° Accuracy Intelli Wrap Cuff for All Arm Sizes Accurate Measurements and Bluetooth Connectivity,"4.0 out of 5 stars
Good device",4,"Good device, recommended,But its cost is around 3000. but you will get same benefits from Rs 1800/- its lower model.",7156T
Omron HEM 7156 T Digital Blood Pressure Monitor with 360° Accuracy Intelli Wrap Cuff for All Arm Sizes Accurate Measurements and Bluetooth Connectivity,"5.0 out of 5 stars
Nice Product",5,I bought this Omron blood pressure monitoring machine in September 2023 and using it regularly since then. Though I found the cuff a bit difficult to use initially but gradually got adapted to it. BP readings were perfect each time as I compared it with the traditional doctor's BP monitoring machine. Till now I am totally satisfied with this purchase. I am writing this review after using it for full 5 months and have never encountered any malfunction in the product. Would definitely want to recommend others to buy this product.,7156T
Omron HEM 7156 T Digital Blood Pressure Monitor with 360° Accuracy Intelli Wrap Cuff for All Arm Sizes Accurate Measurements and Bluetooth Connectivity,"5.0 out of 5 stars
Good machine",5,Works wellHas memory & connectivity,7156T
Omron HEM 7156 T Digital Blood Pressure Monitor with 360° Accuracy Intelli Wrap Cuff for All Arm Sizes Accurate Measurements and Bluetooth Connectivity,"5.0 out of 5 stars
Accurate reading",5,There can be 5% change in reading but that is acceptable take 2-3 reading to get a range.,7156T
Omron HEM 7156 T Digital Blood Pressure Monitor with 360° Accuracy Intelli Wrap Cuff for All Arm Sizes Accurate Measurements and Bluetooth Connectivity,"5.0 out of 5 stars
Consistent readings and convenient to use",5,"The readings are consistent. The readings automatically syncs to the app after initial pairing. The App also has graphs which shows how the readings are over long time period. As the devices syncs every data to the app, the readings becomes convoluted if the device is used across family members. It would be good if it supports guest mode where the reading won't sync to the app.",7156T
Omron HEM 7156 T Digital Blood Pressure Monitor with 360° Accuracy Intelli Wrap Cuff for All Arm Sizes Accurate Measurements and Bluetooth Connectivity,"5.0 out of 5 stars
It shows correct and accurate bp level",5,Correct level shows 360 degree placed in upper arm. It is very helpful to check at early morning particularly at5-6 p.m,7156T
Omron HEM 7156 T Digital Blood Pressure Monitor with 360° Accuracy Intelli Wrap Cuff for All Arm Sizes Accurate Measurements and Bluetooth Connectivity,"4.0 out of 5 stars
Genuine product",4,"To all purchaser, first check the machine & its function and then register your product to Omron site with the help of QR code mentioned on warranty card in timeline otherwise Amazon can't help it. You will get registration verification via email. Now, you can be sure for quality product. Nice Machine, good connectivity, good function.",7156T
Omron HEM 7156 T Digital Blood Pressure Monitor with 360° Accuracy Intelli Wrap Cuff for All Arm Sizes Accurate Measurements and Bluetooth Connectivity,"5.0 out of 5 stars
Omron BP apparatus",5,Reliable measurements. Good one,7156T
Omron HEM 7156 T Digital Blood Pressure Monitor with 360° Accuracy Intelli Wrap Cuff for All Arm Sizes Accurate Measurements and Bluetooth Connectivity,"5.0 out of 5 stars
Norhing",5,Good quality product.,7156T
Omron HEM 7156 T Digital Blood Pressure Monitor with 360° Accuracy Intelli Wrap Cuff for All Arm Sizes Accurate Measurements and Bluetooth Connectivity,"3.0 out of 5 stars
5 years warranty on product page but 3 years warranty on the product delivered",3,,7156T
Omron HEM 7156 T Digital Blood Pressure Monitor with 360° Accuracy Intelli Wrap Cuff for All Arm Sizes Accurate Measurements and Bluetooth Connectivity,"5.0 out of 5 stars
Good and Accurate",5,It's a good product and overall accurate too. Accuracy depends on hand position  Bluetooth and app gives lot of insight on reading and helps in deciding precautions and food discipline. My Doctor is happy too as he gets long term data while suggesting medication and I was able to reduce some medication due to availability of over the period readings on the app.,7156T
Omron HEM 7156 T Digital Blood Pressure Monitor with 360° Accuracy Intelli Wrap Cuff for All Arm Sizes Accurate Measurements and Bluetooth Connectivity,"4.0 out of 5 stars
It does it's job very well",4,"I have been using this product since last 6 months. Initially sparingly, of late on a daily basis. I am happy with the product performance. Sometimes I get a bit higher than usual reading. When I take another reading immediately, it gives near to the accurate one. I do not know the reason though. Could be, the person needs to sit calmly for few minutes before taking the reading, that doea not happen always due to the hurry. Overall, this product does it's job.",7156T
Omron HEM 7156 T Digital Blood Pressure Monitor with 360° Accuracy Intelli Wrap Cuff for All Arm Sizes Accurate Measurements and Bluetooth Connectivity,"4.0 out of 5 stars
Good product",4,Very good quality with accurate results.,7156T
Omron HEM 7156 T Digital Blood Pressure Monitor with 360° Accuracy Intelli Wrap Cuff for All Arm Sizes Accurate Measurements and Bluetooth Connectivity,"5.0 out of 5 stars
Good!",5,Anyone can trust this BP monitor shown accurate with compair to mercuric sphygmomanometer.,7156T
Omron HEM 7156 T Digital Blood Pressure Monitor with 360° Accuracy Intelli Wrap Cuff for All Arm Sizes Accurate Measurements and Bluetooth Connectivity,"5.0 out of 5 stars
Good one for accuracy",5,"After using the blood pressure monitor for a couple of months, I can confidently say that it has lived up to my expectations. One of its notable qualities is its user-friendly nature. This was especially important to me as I purchased the device for my parents, and it has proven to be incredibly helpful in that regard.When it comes to accuracy, this blood pressure monitor has been reliable. I usually take multiple readings to ensure accuracy and then calculate the average. So far, the results have been consistent and in line with my expectations.Overall, I am content with this blood pressure monitor. It has proven to be dependable and easy to use, making it a suitable choice for anyone in need of a reliable and user-friendly device. I would definitely recommend it to others.",7156T
Omron HEM 7156 T Digital Blood Pressure Monitor with 360° Accuracy Intelli Wrap Cuff for All Arm Sizes Accurate Measurements and Bluetooth Connectivity,"5.0 out of 5 stars
Accurate and reliable",5,"The Omron blood pressure monitor gives accurate and reliable readings. It has Bluetooth which syncs with Omron Connect app and user can keep track multiple readings from smartphone. No need to create omron cloud account, simply use the bluetooth sync option to store readings in your phone. The machine also saves multiple readings, the list button shows recent results. It runs on 4 AA batteries. I received Made in Vietnam product so really happy that it's not made in china. Don't forget to register your product for 1 year extra warranty.",7156T
Omron HEM 7156 T Digital Blood Pressure Monitor with 360° Accuracy Intelli Wrap Cuff for All Arm Sizes Accurate Measurements and Bluetooth Connectivity,"4.0 out of 5 stars
Good quality product but only for one user",4,It's a good quality product. Sturdy and powerful with It's bluetooth sync functionality.But maintains records in app only for one user.App can be easily upgraded to maintain records for multiple userd at home.,7156T
Omron HEM 7156 T Digital Blood Pressure Monitor with 360° Accuracy Intelli Wrap Cuff for All Arm Sizes Accurate Measurements and Bluetooth Connectivity,"5.0 out of 5 stars
Excellent Product",5,Quality is excellent. Though it is a bit pricey. It's easy to use. Display is good. Also gives reading quite fast.,7156T
Omron HEM 7156 T Digital Blood Pressure Monitor with 360° Accuracy Intelli Wrap Cuff for All Arm Sizes Accurate Measurements and Bluetooth Connectivity,"5.0 out of 5 stars
Reliable and User-Friendly: A Comprehensive Review of the Omron BP Machine",5,"I've been using the Omron BP machine for a few months now, and I couldn't be more satisfied. Its accuracy and reliability have been consistent with each use. The clear and easy-to-read display makes it simple to track my blood pressure readings over time. The comfortable cuff fits well and doesn't cause any discomfort during inflation. The device is also quite user-friendly, making it perfect for both beginners and those who are more experienced with monitoring their blood pressure. Overall, I highly recommend the Omron BP machine for anyone looking for a dependable and accurate tool to monitor their blood pressure at home.""",7156T
Omron HEM 7156 T Digital Blood Pressure Monitor with 360° Accuracy Intelli Wrap Cuff for All Arm Sizes Accurate Measurements and Bluetooth Connectivity,"5.0 out of 5 stars
You can trust this brand and purchase it. You won't regret.",5,"Omron HEM-7156 T blood pressure monitor is a highly effective tool. It is simple to use and gives precise readings. When measuring blood pressure on your own, the pre-shaped cuff is quite useful. Additionally, the gadget is extremely reliable and simple to use. Sometimes when we use it for the first time, it gives us high BP, but after one or two use, it gives us normal accurate readings. but would have been nice if they provided an adapter with it.",7156T
Omron HEM 7156 T Digital Blood Pressure Monitor with 360° Accuracy Intelli Wrap Cuff for All Arm Sizes Accurate Measurements and Bluetooth Connectivity,"5.0 out of 5 stars
Excellent product",5,Fully satisfied with the product. Best in the market. Very easy to use. Excellent build quality.Go for it without any hesitation.,7156T
Omron HEM 7156 T Digital Blood Pressure Monitor with 360° Accuracy Intelli Wrap Cuff for All Arm Sizes Accurate Measurements and Bluetooth Connectivity,"1.0 out of 5 stars
Old manufactured product",1,I think we should not shop from amazon. I hav reveived product which was manufactured in 2023 and its approx 3000 reupees devise which is giving wrong reading.  Better to go ahead with local dealer with proper calibration,7156T
Omron HEM 7156 T Digital Blood Pressure Monitor with 360° Accuracy Intelli Wrap Cuff for All Arm Sizes Accurate Measurements and Bluetooth Connectivity,"5.0 out of 5 stars
Good",5,Very useful,7156T
Omron HEM 7156 T Digital Blood Pressure Monitor with 360° Accuracy Intelli Wrap Cuff for All Arm Sizes Accurate Measurements and Bluetooth Connectivity,"3.0 out of 5 stars
Helpful for emergency use.",3,More or less accurate results.,7156T
Omron HEM 7156 T Digital Blood Pressure Monitor with 360° Accuracy Intelli Wrap Cuff for All Arm Sizes Accurate Measurements and Bluetooth Connectivity,"4.0 out of 5 stars
Simply Awesome",4,I’m using Omron products since 14+yearsThis product was very goodAfter multiple differences I bought this modelThis is the best model with all the featuresSimply awesome,7156T
Omron HEM 7156 T Digital Blood Pressure Monitor with 360° Accuracy Intelli Wrap Cuff for All Arm Sizes Accurate Measurements and Bluetooth Connectivity,"4.0 out of 5 stars
got it at ₹3198",4,"Although there is a difference of +-10 in subsequent readings, I would still consider it to a good pick. Easy to use and handle",7156T
Omron HEM 7156 T Digital Blood Pressure Monitor with 360° Accuracy Intelli Wrap Cuff for All Arm Sizes Accurate Measurements and Bluetooth Connectivity,"5.0 out of 5 stars
Best Product for your healthy life use.",5,"It's been six months since I bought this product. Which is giving me a good result. So, right now, I can take proper care of my health.",7156T
Omron HEM 7156 T Digital Blood Pressure Monitor with 360° Accuracy Intelli Wrap Cuff for All Arm Sizes Accurate Measurements and Bluetooth Connectivity,"5.0 out of 5 stars
Excellent product",5,Excellent product. The case should have been a hard case rather than rexine materiel !,7156T
Omron HEM 7156 T Digital Blood Pressure Monitor with 360° Accuracy Intelli Wrap Cuff for All Arm Sizes Accurate Measurements and Bluetooth Connectivity,"4.0 out of 5 stars
Clutter free, accurate",4,"Using it since last 3 months for myself and parents. Readings are nearly accurate. Only the lock if the cuff is a bit confusing, it came out once. Though fitted back.",7156T
Omron HEM 7156 T Digital Blood Pressure Monitor with 360° Accuracy Intelli Wrap Cuff for All Arm Sizes Accurate Measurements and Bluetooth Connectivity,"4.0 out of 5 stars
Does what it's meant to do.",4,"Although there is a difference of +-10 in subsequent readings, I would still consider it to a good pick.",7156T
Omron HEM 7156 T Digital Blood Pressure Monitor with 360° Accuracy Intelli Wrap Cuff for All Arm Sizes Accurate Measurements and Bluetooth Connectivity,"3.0 out of 5 stars
Normal product",3,No adopter. In the same other companies give good features and more accessories.,7156T
Omron HEM 7156 T Digital Blood Pressure Monitor with 360° Accuracy Intelli Wrap Cuff for All Arm Sizes Accurate Measurements and Bluetooth Connectivity,"5.0 out of 5 stars
accurate reading, easy to use, doesnt need help of anyone else to wrap armband",5,"accurate reading and easy to use. Most important thing is that, this machine doesnt require assitance of anyone else to wrap the arm band. One person can do it single handedly",7156T
Omron HEM 7156 T Digital Blood Pressure Monitor with 360° Accuracy Intelli Wrap Cuff for All Arm Sizes Accurate Measurements and Bluetooth Connectivity,"1.0 out of 5 stars
Incorrect reading",1,It shows same reading for every person of my family,7156T
Omron HEM 7156 T Digital Blood Pressure Monitor with 360° Accuracy Intelli Wrap Cuff for All Arm Sizes Accurate Measurements and Bluetooth Connectivity,"5.0 out of 5 stars
Accurate and reliable device",5,"This device has exceeded my expectations in terms of accuracy, ease of use, and reliability.One standout feature is the memory function. The machine stores previous readings along with time stamps, allowing me to track my blood pressure trends over time, and can be easily seen on the mobile through their app.The cuff of the blood pressure machine is comfortable and adjustable, fitting a range of arm sizes. It inflates quickly and comfortably, without causing any discomfort.",7156T
Omron HEM 7156 T Digital Blood Pressure Monitor with 360° Accuracy Intelli Wrap Cuff for All Arm Sizes Accurate Measurements and Bluetooth Connectivity,"5.0 out of 5 stars
Easy to use",5,The Product is easy to use and so far reliable. Value for money. Would suggest this device to friends and family,7156T
Omron HEM 7156 T Digital Blood Pressure Monitor with 360° Accuracy Intelli Wrap Cuff for All Arm Sizes Accurate Measurements and Bluetooth Connectivity,"5.0 out of 5 stars
Excellent",5,Excellent,7156T
Omron HEM 7156 T Digital Blood Pressure Monitor with 360° Accuracy Intelli Wrap Cuff for All Arm Sizes Accurate Measurements and Bluetooth Connectivity,"5.0 out of 5 stars
Very reliable",5,It gives you accurate readings. And it is very user friendly. Must have for all those with BP issues.,7156T
Omron HEM 7156 T Digital Blood Pressure Monitor with 360° Accuracy Intelli Wrap Cuff for All Arm Sizes Accurate Measurements and Bluetooth Connectivity,"5.0 out of 5 stars
Impressed with performance and convenience",5,"This device has exceeded my expectations in terms of accuracy, ease of use, and reliability.One standout feature is the memory function. The machine stores previous readings along with time stamps, allowing me to track my blood pressure trends over time, and can be easily seen on the mobile through their app.The cuff of the blood pressure machine is comfortable and adjustable, fitting a range of arm sizes. It inflates quickly and comfortably, without causing any discomfort.",7156T
Omron HEM 7156 T Digital Blood Pressure Monitor with 360° Accuracy Intelli Wrap Cuff for All Arm Sizes Accurate Measurements and Bluetooth Connectivity,"5.0 out of 5 stars
Quick Fit Pressure Cuff",5,"I bought this product for my mum. I already have another Omron BP monitor with has been going strong for the last 5 yrs.The best part of this model, is the quick & correct fitting pressure cuff. My mum who is 87 yrs old, can wrap this cuff around her arm, with little or no assistance. Additionally, the display is large & clear, so reading the numbers is no probs even for elderly people.I just wish there was an adaptor with this product, which would eliminate the need to ensure that the batteries are charged & ready to go.Overall, a well designed & easy to use product.",7156T
Omron HEM 7156 T Digital Blood Pressure Monitor with 360° Accuracy Intelli Wrap Cuff for All Arm Sizes Accurate Measurements and Bluetooth Connectivity,"5.0 out of 5 stars
Very compact and easy to use",5,"Just used it only for a few days, so far it works awesome. It is very compact and easy to use. Like the mobile app with bluethooth connectivity very much.",7156T
Omron HEM 7156 T Digital Blood Pressure Monitor with 360° Accuracy Intelli Wrap Cuff for All Arm Sizes Accurate Measurements and Bluetooth Connectivity,"5.0 out of 5 stars
Very useful product",5,"I bought this for my parents to monitor their blood pressure. I most useful thing with this model is that we can track the bp of desired person in the mobile app and since it can be connected via Bluetooth to the app.. Reading directly goes to the app instead of manual typing and saving, which is very helpful in tracking a patient's bp record. I am so glad that i bought this. Also the cuff size ranges from 22-42 CM which can be used by any body size without any difficulties.",7156T
Omron HEM 7156 T Digital Blood Pressure Monitor with 360° Accuracy Intelli Wrap Cuff for All Arm Sizes Accurate Measurements and Bluetooth Connectivity,"3.0 out of 5 stars
Not reliable no use",3,This is costly but the reading are not accurate.Not a value for money product.,7156T
Omron HEM 7156 T Digital Blood Pressure Monitor with 360° Accuracy Intelli Wrap Cuff for All Arm Sizes Accurate Measurements and Bluetooth Connectivity,"4.0 out of 5 stars
Very nice product..",4,I have been using it from last few months and I found it very useful and good accuracy..,7156T
Omron HEM 7156 T Digital Blood Pressure Monitor with 360° Accuracy Intelli Wrap Cuff for All Arm Sizes Accurate Measurements and Bluetooth Connectivity,"5.0 out of 5 stars
Super",5,Very good,7156T
Omron HEM 7156 T Digital Blood Pressure Monitor with 360° Accuracy Intelli Wrap Cuff for All Arm Sizes Accurate Measurements and Bluetooth Connectivity,"4.0 out of 5 stars
Good product",4,It works fine.Easily connects to mobile app through Bluetooth so one can store history of reading.,7156T
Omron HEM 7156 T Digital Blood Pressure Monitor with 360° Accuracy Intelli Wrap Cuff for All Arm Sizes Accurate Measurements and Bluetooth Connectivity,"5.0 out of 5 stars
Ease of operation",5,reliable,7156T
Omron HEM 7156 T Digital Blood Pressure Monitor with 360° Accuracy Intelli Wrap Cuff for All Arm Sizes Accurate Measurements and Bluetooth Connectivity,"5.0 out of 5 stars
Reliable Product",5,"Omron bp monitor are reliable and long lasting.This is my second omron bp monitor after 7 year, fires one is still properly working.Its 360° warp cuff is verry useful while using single handed.Its BP reading is consistent and reliable, heartbeat reading is accurate.This bp monitor has some intelligent feature like irregular heartbeat detection, body movement detection, cuff warp guide. And also have bluetooth connectivity for sinking data with mobile app.There is a 6V DC power connection port,but I think there should be micro usb port for better usefulness.Its 4 AA alkeline batteries can  take upto 1000 readings. It also comes with a storage bag.And in last I hop will be long-lasting product as my previous experience with omron product.",7156T
Omron HEM 7156 T Digital Blood Pressure Monitor with 360° Accuracy Intelli Wrap Cuff for All Arm Sizes Accurate Measurements and Bluetooth Connectivity,"1.0 out of 5 stars
No after sale service",1,Hi I'm from Delhi they don't have good afternoon sale service they don't visit they have only 3 service center that to far from centre delhi. If you asked them to courier your faulty machine they refused to accept.,7156T
Omron HEM 7156 T Digital Blood Pressure Monitor with 360° Accuracy Intelli Wrap Cuff for All Arm Sizes Accurate Measurements and Bluetooth Connectivity,"5.0 out of 5 stars
Easy to use, Service Network is good and worth for money",5,"I am using this product for the last 3 months due to BP identified to me. Usually, I will test 2/3 times for reading  When I take another reading immediately, it gives near to the accurate one. Bluetooth connectivity helped to track the measurement in my smartphone with ease, along with my health history. Overall, I will recommend this Omron Digital Blood Pressure Monitor to my circle who need a reliable and user-friendly device for monitoring their blood pressure.",7156T
Omron HEM 7156 T Digital Blood Pressure Monitor with 360° Accuracy Intelli Wrap Cuff for All Arm Sizes Accurate Measurements and Bluetooth Connectivity,"5.0 out of 5 stars
Great Product",5,I had purchased a Omron HEM 7156T Digital blood pressure monitor from Amazon. The parcel was delivered to me in an apparent sound condition and the packing was good. I am a BP patient and was using an old BP monitor which was giving erratic readings. Hence I went for an Omron BP montitor. I have since then being using it and find the readings fairly accurate and it helps me control my BP and take necessary medication. Thank you Omron.,7156T
Omron HEM 7156 T Digital Blood Pressure Monitor with 360° Accuracy Intelli Wrap Cuff for All Arm Sizes Accurate Measurements and Bluetooth Connectivity,"4.0 out of 5 stars
Best Brand for Blood Pressure Monitor in the Market",4,"Omron HEM 7156 T Digital Blood Pressure Monitor with 360° Accuracy has more advanced features and easy to use, for monitoring our heart health with Good Accuracy Readings for our needs to check our health condition, it's most trusted brand  in the market today.",7156T
Omron HEM 7156 T Digital Blood Pressure Monitor with 360° Accuracy Intelli Wrap Cuff for All Arm Sizes Accurate Measurements and Bluetooth Connectivity,"5.0 out of 5 stars
Good item",5,"I have used this for about 10 days and am happy. The only issue I had was with the manual regarding the bluetooth connectivity which is not properly explained. I am also not able to force a sync with my phone because there seems to be no such function. So I have to wait for the sync to happen on its own, and there is the worry that the Monitor will switch off before the sync happens. It is a good buy",7156T
Omron HEM 7156 T Digital Blood Pressure Monitor with 360° Accuracy Intelli Wrap Cuff for All Arm Sizes Accurate Measurements and Bluetooth Connectivity,"5.0 out of 5 stars
Most accurate Omron blood pressure monitor with intelli wrap technology",5,Literally this is the best blood pressure monitor in the market.I am using this Omron blood pressure monitor from Six months and this is my honest review that I have never faced any problem with that.The model number i am using is HEM-7156T.This blood pressure monitor have all the new technology like-BluetoothIntelli WrapIntelli senseBody movements detectionCuff wrapping guideIrregular heartbeat detectionHypertension indicator60 memoryand average of 3 readings.And fits arm circumference 22-42cm.You can purchase it without any problem.,7156T
Omron HEM 7156 T Digital Blood Pressure Monitor with 360° Accuracy Intelli Wrap Cuff for All Arm Sizes Accurate Measurements and Bluetooth Connectivity,"4.0 out of 5 stars
Best bp machine",4,I am using this product from long time believe me it's very good product I am mostly check regularly BP of my mother it shows accurate BP if you want BP machine then go for this.,7156T
Omron HEM 7156 T Digital Blood Pressure Monitor with 360° Accuracy Intelli Wrap Cuff for All Arm Sizes Accurate Measurements and Bluetooth Connectivity,"5.0 out of 5 stars
Accurate. Worth.",5,Excellent product. Highly recommended to buy.,7156T
Omron HEM 7156 T Digital Blood Pressure Monitor with 360° Accuracy Intelli Wrap Cuff for All Arm Sizes Accurate Measurements and Bluetooth Connectivity,"2.0 out of 5 stars
Best product",2,Use friendly. Best and good,7156T
Omron HEM 7156 T Digital Blood Pressure Monitor with 360° Accuracy Intelli Wrap Cuff for All Arm Sizes Accurate Measurements and Bluetooth Connectivity,"5.0 out of 5 stars
Reliable product.",5,"One of my friend who is also a doctor, recommended me Omron HEM 7156T BP monitor.As per his recommendation i bought it on 28 September 2022 and when I used experienced it's accuracy and compared it to other devices.You need to be really calm, take a few breaths and then measure your blood pressure. For accurate result with this machine, measure the blood pressure twice or thrice and take average of your readingsI am happy with the purchase and would honestly recommend .",7156T
Omron HEM 7156 T Digital Blood Pressure Monitor with 360° Accuracy Intelli Wrap Cuff for All Arm Sizes Accurate Measurements and Bluetooth Connectivity,"5.0 out of 5 stars
Reliable and Convenient",5,Using this product from the past 6 months. I use it regularly but till date it has neither caused me a single problem also it comes with a pouch which often helps me with to carry the Blood pressure monitor with me very comfortably. A must buy product,7156T
Omron HEM 7156 T Digital Blood Pressure Monitor with 360° Accuracy Intelli Wrap Cuff for All Arm Sizes Accurate Measurements and Bluetooth Connectivity,"3.0 out of 5 stars
Can't say it's very accurate",3,"It's from a trustworthy brand but doesn't seem like very accurate. The readings fluctuate quite a bit. So always need to take multiple readings. Also, this model doesn't come with a charger.",7156T
Omron HEM 7156 T Digital Blood Pressure Monitor with 360° Accuracy Intelli Wrap Cuff for All Arm Sizes Accurate Measurements and Bluetooth Connectivity,"5.0 out of 5 stars
Accurate Result without any problem",5,I am using this omron bp monitor and I never faced any single problem till now. Results are always accurate. Helps me to monitor the health of my family. I can check my readings on my mobile too. It helps to show the past results/readings to the doctor. It's very easy to use.,7156T
Omron HEM 7156 T Digital Blood Pressure Monitor with 360° Accuracy Intelli Wrap Cuff for All Arm Sizes Accurate Measurements and Bluetooth Connectivity,"2.0 out of 5 stars
Improper measurements",2,It's measurements varies in Range of 15 to 20 so such measure of BP is purposeless n useless.,7156T
Omron HEM 7156 T Digital Blood Pressure Monitor with 360° Accuracy Intelli Wrap Cuff for All Arm Sizes Accurate Measurements and Bluetooth Connectivity,"5.0 out of 5 stars
Omron BP monitor",5,"I like the Omron BP monitor very much.It is very useful for my mother,as she is suffering from high BP problem but by using Omron BP monitor machine I am regularly monitoring her BP and even record it also at its application.Thank you Omron team for making this wonderful BP monitor machine.it will be helpful for many more.",7156T
Omron HEM 7156 T Digital Blood Pressure Monitor with 360° Accuracy Intelli Wrap Cuff for All Arm Sizes Accurate Measurements and Bluetooth Connectivity,"5.0 out of 5 stars
Omron is Best",5,"The Omron HEM 7156 T Digital Blood Pressure Monitor is a remarkable device that effortlessly combines accuracy, convenience, and modern technology to provide a comprehensive health monitoring solution and good thing about the Omron it has Bluetooth campatibilty with your mobile.",7156T
Omron HEM 7156 T Digital Blood Pressure Monitor with 360° Accuracy Intelli Wrap Cuff for All Arm Sizes Accurate Measurements and Bluetooth Connectivity,"5.0 out of 5 stars
Top Brand top quality",5,No 1 bp monitor hain accuracy perfect hainOmron top company aapko sure result deti Hain baki sab bakwas,7156T
Omron HEM 7156 T Digital Blood Pressure Monitor with 360° Accuracy Intelli Wrap Cuff for All Arm Sizes Accurate Measurements and Bluetooth Connectivity,"5.0 out of 5 stars
Easy to use",5,Its very user friendly. Now my parents are able to use it without any hiccups and thats only after one round of explanation. Bluetooth connectivity record storing so many features present. Its a value for money product as per my view.,7156T
Omron HEM 7156 T Digital Blood Pressure Monitor with 360° Accuracy Intelli Wrap Cuff for All Arm Sizes Accurate Measurements and Bluetooth Connectivity,"5.0 out of 5 stars
Useful purchase",5,"I bought this 6 months back and works perfectly fine. It has cool features like Bluetooth connectivity with Omron app, ergonomic arm band which can be operated with one hand and high or normal bp indicator. I am happy with the purchase.",7156T
Omron HEM 7156 T Digital Blood Pressure Monitor with 360° Accuracy Intelli Wrap Cuff for All Arm Sizes Accurate Measurements and Bluetooth Connectivity,"5.0 out of 5 stars
Happy with the purchase",5,I have brought the BP machine couple of months back and I am happy with the purchase. I can say that the reading is accurate than the ones which I was already having. So far no issues. I will definitely recommend this product whoever is willing to purchase. Blindly go for it.,7156T
Omron HEM 7156 T Digital Blood Pressure Monitor with 360° Accuracy Intelli Wrap Cuff for All Arm Sizes Accurate Measurements and Bluetooth Connectivity,"5.0 out of 5 stars
Easy to measure and sync",5,"It is good machine. I can list some of its benefits like it shows error if not strapped correctly, easy to strap as its already folded. We can sync it to mobile app keeping records of history. No complaints as till now. One small suggestion would be to have better cover for machine. Not a problem but will be good to have solid cover.",7156T
Omron HEM 7156 T Digital Blood Pressure Monitor with 360° Accuracy Intelli Wrap Cuff for All Arm Sizes Accurate Measurements and Bluetooth Connectivity,"5.0 out of 5 stars
Omron Blood Pressure Monitor HEM-7156T - A Must Have.",5,"I’ve done lot of research about available blood pressure monitors online but I finally ended up with Omron automatic, BP monitor and it is very reliable and accurate in terms of getting the readings and it is as good as manual process. I would recommend this product for its accuracy and reliability. Thank you Omron.",7156T
Omron HEM 7156 T Digital Blood Pressure Monitor with 360° Accuracy Intelli Wrap Cuff for All Arm Sizes Accurate Measurements and Bluetooth Connectivity,"5.0 out of 5 stars
Accurate reading, highly recommended",5,"Nice machine with solid built quality, most important thing, reading is pretty accurate, I always check song with fingers to cross check whether these auto machines reading are correct or not and in this case after testing 4-5 times, I was assured this machine is pretty reliable with very accurate reading.360 cuff also helpsBluetooth connectivity to smartphone app my omron adds to user experience n give various features which are a welcome add onOverall, very good reliable machine n would recommend to go for it",7156T
Omron HEM 7156 T Digital Blood Pressure Monitor with 360° Accuracy Intelli Wrap Cuff for All Arm Sizes Accurate Measurements and Bluetooth Connectivity,"4.0 out of 5 stars
Worth buy",4,Recommended,7156T
Omron HEM 7156 T Digital Blood Pressure Monitor with 360° Accuracy Intelli Wrap Cuff for All Arm Sizes Accurate Measurements and Bluetooth Connectivity,"5.0 out of 5 stars
Wonderful",5,Go for it,7156T
Omron HEM 7156 T Digital Blood Pressure Monitor with 360° Accuracy Intelli Wrap Cuff for All Arm Sizes Accurate Measurements and Bluetooth Connectivity,"2.0 out of 5 stars
Heats up Fast.",2,We have used the machine sparingly ; The machine heats up fast and the tube burst hole using because of the heat. Is there any way of an exchange or repair possible ? Is there a service center?,7156T
Omron HEM 7156 T Digital Blood Pressure Monitor with 360° Accuracy Intelli Wrap Cuff for All Arm Sizes Accurate Measurements and Bluetooth Connectivity,"5.0 out of 5 stars
Accuracy PLUS Convenience",5,"I have been using Omron BP monitor for many years for my parents—the last one I purchased, HM7132, six to seven years back, it stopped working; hence I bought HEM 7156T six months back.I love their accuracy and convenience.The best feature of 7156T is - its 360 Degree accuracy cuff. Bluetooth connectivity is also good but not very useful with Omron phone applications.Overall it is a must to have tool for home.",7156T
Omron HEM 7156 T Digital Blood Pressure Monitor with 360° Accuracy Intelli Wrap Cuff for All Arm Sizes Accurate Measurements and Bluetooth Connectivity,"5.0 out of 5 stars
Wonderful product, accurate measurement",5,"I recently purchased it, and the entire process was seamless. The product arrived quickly and was exactly as described. Wonderful product, a must have. In world of digital gadgets, this is must have digital blood pressure monitor.",7156T
"Omron HEM 7361T Bluetooth Blood Pressure Monitor with Cuff Wrapping Guide, Hypertension Indicator, Japanese Technology, Intellisense Technology, and Most Recommended Brand by Doctors for Accurate Measurement","5.0 out of 5 stars
Excellent BP Measurement Machine",5,"One of the best BP monitoring machine available in market. The Omron Connect App is flawless and seamlessly transfers the data, contains tons of useful features. The reading are accurate to +- 5 mm/hg. To get the precise reading you need to relax for 5 min in chair, keep your full hand with elbow support on table, straight back, with both legs straight touching ground. The record keeping is excellent and can be exported in the form of pdf/csv which when demanded can be emailed to your registered email. The report can prove useful for doctors to study your BP pattern. Try to be consistent in taking readings daily both in morning and evening at the same time. Bit expensive but worth it. If you are looking for an excellent BP measurement machine, just go for it without second thought. Highly recommended !!",7361T
"Omron HEM 7361T Bluetooth Blood Pressure Monitor with Cuff Wrapping Guide, Hypertension Indicator, Japanese Technology, Intellisense Technology, and Most Recommended Brand by Doctors for Accurate Measurement","5.0 out of 5 stars
Quality & Feature Rich Blood Pressure Monitor",5,"Omron HEM 7361T is a top-quality blood pressure monitor that exceeded my expectations. I bought this for my parents as both of them have high BP.After using this machine regularly for the past couple of months, I find the following things very beneficial:(1) It's very easy to use, just tie the handcuff and press the start switch, you will get your readings.(2) 360 degree intelliwrap cuff and cuff wrapping guice make it very easy to tie the cuff for non professional users.(3) The reading involves both systolic and diastolic pressure as well as hear beat rate.(4) The display is quite large and readings are shown in big letters.(5) Prior reading and current/latest reading are shown side by side so you would easily get an idea about BP change between current and last measures.(6) Bluetooth connectivity and Omoron app helps you sync your readings between mobile and the device.(7) Storage for readings helps you view your past readings at any time.(8) Dual users options for storing readings for two persons seperately and users can be changed easliy by simple toggle of a slide switch.(9) Afib indicator and irregular heart beat detection are the extra functions that I found very benefical.(10) The device is powered by 4 AA batteries which are easily available in local shops.(11) 3 year warranty offered by Omoron gives us peace of mind.There are many more benefits and advanced functions like average of morining readings, average of evening readings, average of last three measures, ultra quite operation, body movement detection etc., but the above mentioned 11 benefits will be most appealing for a normal user like me. I didn't see any disadvantages for this machine as it does more that what a pressure monitor is intended to do. Though little pricier, the functions and quality offered by this machine, as well as a 3 year warranty completely justifies its price. Moreover, I recieved a promotion and got it for Rs.  3,749.00 /-. If you are interested in buying a pressure monitor for long term usage, you can confidently go for this one. Thank you for reading my review.",7361T
"Omron HEM 7361T Bluetooth Blood Pressure Monitor with Cuff Wrapping Guide, Hypertension Indicator, Japanese Technology, Intellisense Technology, and Most Recommended Brand by Doctors for Accurate Measurement","4.0 out of 5 stars
Good product with practical features.",4,"Accuracy is consistant (as compared with professional units at hospital).Low noise operation. Physical user switch is the most usefull feature if you want to monitor 2 person readings. You can quickly swap the user.Handcuff is very nice, comfortable and easy to use.Large display for clear reading, backlight is missing.Bluetooth connectivity ensures easy data sync with App. App is basic, simple and clean, could have more features.There seems to be quite a lot of functions which I have not explored yet.",7361T
"Omron HEM 7361T Bluetooth Blood Pressure Monitor with Cuff Wrapping Guide, Hypertension Indicator, Japanese Technology, Intellisense Technology, and Most Recommended Brand by Doctors for Accurate Measurement","5.0 out of 5 stars
Very useful",5,Very nice BP monitor with lots of user friendly functions.,7361T
"Omron HEM 7361T Bluetooth Blood Pressure Monitor with Cuff Wrapping Guide, Hypertension Indicator, Japanese Technology, Intellisense Technology, and Most Recommended Brand by Doctors for Accurate Measurement","5.0 out of 5 stars
Very precise BP monitor",5,It is working very fine and accurate.worth buying,7361T
"Omron HEM 7361T Bluetooth Blood Pressure Monitor with Cuff Wrapping Guide, Hypertension Indicator, Japanese Technology, Intellisense Technology, and Most Recommended Brand by Doctors for Accurate Measurement","5.0 out of 5 stars
Better results",5,It's a good device. Results are mostly accurate. And app connectivity feature is awesome.,7361T
"Omron HEM 7361T Bluetooth Blood Pressure Monitor with Cuff Wrapping Guide, Hypertension Indicator, Japanese Technology, Intellisense Technology, and Most Recommended Brand by Doctors for Accurate Measurement","4.0 out of 5 stars
Good product, easy to install and use.",4,Good product and to install and start measurement. works as are expected of the product. It has large screen and easy to use. It's more expensive than other models with the same brand and features. Go with the purchase if you afford the premium for a larger screen.,7361T
"Omron HEM 7361T Bluetooth Blood Pressure Monitor with Cuff Wrapping Guide, Hypertension Indicator, Japanese Technology, Intellisense Technology, and Most Recommended Brand by Doctors for Accurate Measurement","1.0 out of 5 stars
Totally useless product....go with mercury bp machine",1,I want accuracy so I go with top model and top brand...but it's accuracy is to bad...my actual bp is 135/95 it's showing 117/77;My father's bp is 125/80 it's showing 153/93... My suggestion to everyone please go with mercury bp machine...and if you want electric machine go with cheapest machine...not required spend a lot money.... it's machine 4300 rs  don't purchase it ...,7361T
"Omron HEM 7361T Bluetooth Blood Pressure Monitor with Cuff Wrapping Guide, Hypertension Indicator, Japanese Technology, Intellisense Technology, and Most Recommended Brand by Doctors for Accurate Measurement","4.0 out of 5 stars
Feedback on full understanding of BP monitor",4,"I am yet to get a grip of all keys and functionalityIs there. you tube link showing the demonstration of memory storage / retrieval, AFB records. Pairing with IPkone 15 plus , battery weak condition etc",7361T
"Omron HEM 7361T Bluetooth Blood Pressure Monitor with Cuff Wrapping Guide, Hypertension Indicator, Japanese Technology, Intellisense Technology, and Most Recommended Brand by Doctors for Accurate Measurement","4.0 out of 5 stars
Product is handy and efficient so far",4,It is hard to confirm the accuracy of these Blood Pressure devices but it does what it is meant to do and the readings are showing up without errors. I have been told that we need to add +10 to +20 points for BP as we have observed that the readings taken at Doctors is almost always higher than what we see at home. I will update the review again based on how long the product lasts or if I see issues in the future.,7361T
"Omron HEM 7361T Bluetooth Blood Pressure Monitor with Cuff Wrapping Guide, Hypertension Indicator, Japanese Technology, Intellisense Technology, and Most Recommended Brand by Doctors for Accurate Measurement","5.0 out of 5 stars
Useful",5,Accurate reading,7361T
"Omron HEM 7361T Bluetooth Blood Pressure Monitor with Cuff Wrapping Guide, Hypertension Indicator, Japanese Technology, Intellisense Technology, and Most Recommended Brand by Doctors for Accurate Measurement","5.0 out of 5 stars
Excellent",5,Self used perfect product,7361T
"Omron HEM 7361T Bluetooth Blood Pressure Monitor with Cuff Wrapping Guide, Hypertension Indicator, Japanese Technology, Intellisense Technology, and Most Recommended Brand by Doctors for Accurate Measurement","5.0 out of 5 stars
Accuracy",5,Excellent working,7361T
"Omron HEM 7361T Bluetooth Blood Pressure Monitor with Cuff Wrapping Guide, Hypertension Indicator, Japanese Technology, Intellisense Technology, and Most Recommended Brand by Doctors for Accurate Measurement","5.0 out of 5 stars
BP monitor",5,Product is good. But adjust of time and date is not known me,7361T
"Omron HEM 7361T Bluetooth Blood Pressure Monitor with Cuff Wrapping Guide, Hypertension Indicator, Japanese Technology, Intellisense Technology, and Most Recommended Brand by Doctors for Accurate Measurement","5.0 out of 5 stars
Accurate reading",5,Very nice Blood pressure instrument and I am satisfied with the reading. Reading is prefect as compared to cheap other brand electronic meter.,7361T
"Omron HEM 7361T Bluetooth Blood Pressure Monitor with Cuff Wrapping Guide, Hypertension Indicator, Japanese Technology, Intellisense Technology, and Most Recommended Brand by Doctors for Accurate Measurement","5.0 out of 5 stars
Best product",5,Value for money,7361T
"Omron HEM 7361T Bluetooth Blood Pressure Monitor with Cuff Wrapping Guide, Hypertension Indicator, Japanese Technology, Intellisense Technology, and Most Recommended Brand by Doctors for Accurate Measurement","5.0 out of 5 stars
Must Buy",5,Must Buy....exact results,7361T
"Omron HEM 7361T Bluetooth Blood Pressure Monitor with Cuff Wrapping Guide, Hypertension Indicator, Japanese Technology, Intellisense Technology, and Most Recommended Brand by Doctors for Accurate Measurement","4.0 out of 5 stars
Good",4,Good product,7361T
"Omron HEM 7361T Bluetooth Blood Pressure Monitor with Cuff Wrapping Guide, Hypertension Indicator, Japanese Technology, Intellisense Technology, and Most Recommended Brand by Doctors for Accurate Measurement","5.0 out of 5 stars
Good purchase",5,Good product for Blood pressure monitor which has very good features with Omron connect App.,7361T
"Omron HEM 7361T Bluetooth Blood Pressure Monitor with Cuff Wrapping Guide, Hypertension Indicator, Japanese Technology, Intellisense Technology, and Most Recommended Brand by Doctors for Accurate Measurement","3.0 out of 5 stars
Not upto the mark",3,Calibration seems susceptible. Parameters begin with added value.,7361T
"Omron HEM 7361T Bluetooth Blood Pressure Monitor with Cuff Wrapping Guide, Hypertension Indicator, Japanese Technology, Intellisense Technology, and Most Recommended Brand by Doctors for Accurate Measurement","5.0 out of 5 stars
Superb machine",5,Good machines easily conect with phone,7361T
"Omron HEM 7361T Bluetooth Blood Pressure Monitor with Cuff Wrapping Guide, Hypertension Indicator, Japanese Technology, Intellisense Technology, and Most Recommended Brand by Doctors for Accurate Measurement","5.0 out of 5 stars
Great",5,Nice one,7361T
"Omron HEM 7361T Bluetooth Blood Pressure Monitor with Cuff Wrapping Guide, Hypertension Indicator, Japanese Technology, Intellisense Technology, and Most Recommended Brand by Doctors for Accurate Measurement","5.0 out of 5 stars
Meets my requirement",5,Impressive,7361T
"Omron HEM 7361T Bluetooth Blood Pressure Monitor with Cuff Wrapping Guide, Hypertension Indicator, Japanese Technology, Intellisense Technology, and Most Recommended Brand by Doctors for Accurate Measurement","5.0 out of 5 stars
Highly recommended",5,Very good product. Accurate information useful. M highly recommended thanks Amazon team and seller.,7361T
"Omron HEM 7361T Bluetooth Blood Pressure Monitor with Cuff Wrapping Guide, Hypertension Indicator, Japanese Technology, Intellisense Technology, and Most Recommended Brand by Doctors for Accurate Measurement","4.0 out of 5 stars
Product is working perfectly. But no Power adaptor.",4,Product was so good. Tried with family persons. Results looks accurate. We got 4 batteries. Device have 6v power adaptor pin.  Device price is more but didn't get power adaptor. Must recommend for accuracy point.,7361T
"Omron HEM 7361T Bluetooth Blood Pressure Monitor with Cuff Wrapping Guide, Hypertension Indicator, Japanese Technology, Intellisense Technology, and Most Recommended Brand by Doctors for Accurate Measurement","3.0 out of 5 stars
Accuracy issues",3,Reading is off many a times. Serious accuracy concerns,7361T
"Omron HEM 7361T Bluetooth Blood Pressure Monitor with Cuff Wrapping Guide, Hypertension Indicator, Japanese Technology, Intellisense Technology, and Most Recommended Brand by Doctors for Accurate Measurement","5.0 out of 5 stars
Excellent BP Monitor by Omron and Super-accurate",5,"Omron HEM 7361T Bluetooth Digital Blood Pressure Monitor is overall an excellent product and here I am going to share some of my thoughts after using this for a few months.Pros:The main Pro of this product is that it doesn’t have any major cons as such. I purchased this one just because of some reasons and I am sharing all of that.1. It is super accurate. I also have a manual sphygmomanometer and I cross-checked the accuracy of this digital machine many times ad every time it was accurate. You can easily believe it’s reading. My only suggestion is that, please use Duracell batteries (which were also provided in the box).2. The ability to store previous readings for two persons seamlessly is one of the major pros of this product. I can store both of my parents’ BP data in the machine and can toggle the 1-2 button to access the data in one go.3. The latex-free cuff is very durable and it is really good. Even the BP machine denotes whether the cuff is tied properly or not, so a novice can also use that. Maybe it is a very tiny feature but good brands always work in detail.Cons:Although this machine doesn’t have any cons as such still, I can point out that the Bluetooth app pairing is not so smooth. It sometimes works, sometimes not. However, the Bluetooth feature is secondary for a BP machine and I don’t use this feature, to be honest, so I am neat picking. Even if the Bluetooth feature wouldn’t there, I will still recommend this product to everyone.",7361T
"Omron HEM 7361T Bluetooth Blood Pressure Monitor with Cuff Wrapping Guide, Hypertension Indicator, Japanese Technology, Intellisense Technology, and Most Recommended Brand by Doctors for Accurate Measurement","4.0 out of 5 stars
Good device",4,Little hard to understand it's symbols..not intuitive..one has to read manual,7361T
"Omron HEM 7361T Bluetooth Blood Pressure Monitor with Cuff Wrapping Guide, Hypertension Indicator, Japanese Technology, Intellisense Technology, and Most Recommended Brand by Doctors for Accurate Measurement","5.0 out of 5 stars
Value for Money",5,Nice product for BP monitoring and it's features like connecting to mobile app and update the readings.It's value for money product.,7361T
"Omron HEM 7361T Bluetooth Blood Pressure Monitor with Cuff Wrapping Guide, Hypertension Indicator, Japanese Technology, Intellisense Technology, and Most Recommended Brand by Doctors for Accurate Measurement","5.0 out of 5 stars
User-friendly and Reliable Solution For High Blood Pressure Patients",5,"The machine is a reliable solution for high-pressure patients it allows one to easily measure and track blood pressure levels at home. It is Bluetooth-enabled, allows to connect it to the smartphone. This helps to conveniently store and analyze blood pressure data using compatible mobile applications.",7361T
"Omron HEM 7361T Bluetooth Blood Pressure Monitor with Cuff Wrapping Guide, Hypertension Indicator, Japanese Technology, Intellisense Technology, and Most Recommended Brand by Doctors for Accurate Measurement","5.0 out of 5 stars
Top of the Line Product",5,"This is certainly a top of the line product.It is amazingly accurate; successive readings that I have verified against a mercury sphygmomanometer differed by less than 1% (plus or minus). I am convinced I do not need to go to a doc anymore to verify the readings I take with this meter.The meter is quite easy to set up and use. The provision for recording the readings of  two users separately comes in pretty handy.The Intelliwrap technology that the cuff sports takes away the hassle of adjusting the position of the tube.The facility to transfer the readings to a phone via their Omron  Connect App is another nifty feature that sets this model part from the other monitors. Yes, it is slightly costlier than the other Omron BP  monitors but I think the little extra money spent on it is well worth it.The display is clear with large digits, making it eminently suitable even for elderly people with weak vision.The best thing, though, is the amazing customer service that Omron provides. No query of mine took more than 15 minutes to get a detailed reply.I wish, though, that the carry case that comes with the monitor were a little wider - say another one centimeter or so - so that the cuff need not be squeezed in.Recommended confidently.",7361T
"Omron HEM 7361T Bluetooth Blood Pressure Monitor with Cuff Wrapping Guide, Hypertension Indicator, Japanese Technology, Intellisense Technology, and Most Recommended Brand by Doctors for Accurate Measurement","5.0 out of 5 stars
must have BP monitor",5,"it is really a very useful product for senior citizens.easy to use as the hand cuff adjust itself so there is no problem of the cuff being too tight or loose,so the measurements are most likely to be correct.",7361T
"Omron HEM 7361T Bluetooth Blood Pressure Monitor with Cuff Wrapping Guide, Hypertension Indicator, Japanese Technology, Intellisense Technology, and Most Recommended Brand by Doctors for Accurate Measurement","5.0 out of 5 stars
Good one",5,Costly but reliable,7361T
"Omron HEM 7361T Bluetooth Blood Pressure Monitor with Cuff Wrapping Guide, Hypertension Indicator, Japanese Technology, Intellisense Technology, and Most Recommended Brand by Doctors for Accurate Measurement","5.0 out of 5 stars
Good one though expensive.",5,"Working fine.Bought a adapter also. Kept the batteries as manual says it will keep the device clock on.Or else you will have to connect through Bluetooth to synchronize the clocks every time you switch on.The readings seems to be correct. It has bigger display.Paid 5293/-, which I feel is more.",7361T
"Omron HEM 7361T Bluetooth Blood Pressure Monitor with Cuff Wrapping Guide, Hypertension Indicator, Japanese Technology, Intellisense Technology, and Most Recommended Brand by Doctors for Accurate Measurement","5.0 out of 5 stars
Excellent product",5,The Omron BP instrument is working very well. It has accurate measurement repeat ability. The features of this model is very advanced and has Bluetooth connectivity with the mobile for storage and a log report as part of the Omron app. Excellent product for the money spent.,7361T
"Omron HEM 7361T Bluetooth Blood Pressure Monitor with Cuff Wrapping Guide, Hypertension Indicator, Japanese Technology, Intellisense Technology, and Most Recommended Brand by Doctors for Accurate Measurement","5.0 out of 5 stars
Great Product",5,"Omron is a reputed brand. I had no hesitation about which brand I was supposed to buy. However, I had a tough time selecting among the models. The one I have purchased, suited my needs of monitoring multi user data using the same device.The Omron connect app is very handy and lets you handle the data with ease.To conclude, I am happy with the purchase and would recommend, in particular, this 7361T model.",7361T
"Omron HEM 7361T Bluetooth Blood Pressure Monitor with Cuff Wrapping Guide, Hypertension Indicator, Japanese Technology, Intellisense Technology, and Most Recommended Brand by Doctors for Accurate Measurement","4.0 out of 5 stars
Nice Product with better accuracy than other cheap products",4,I bought this primarily for my Mother as she is a BP patient. I got it for 5k in the deal.This is far better and accurate than one of the Chinese product we had. AFIB mode is the best because it takes 3 readings at 30sec intervals. This provides close to accurate readings. The Omron connect app works flawlessly and keeps track of the history for upto 2 unique persons. This can be useful to determine the trend incase you are using this frequently like daily or once in 2 days.The product is perfect with some area of improvement like a bundled DC adaptor would have been nice and support for atleast 5 to 6 persons in Omron connect app is highly desirable.Overall highly recommended product incase you are a frequent user.,7361T
"Omron HEM 7361T Bluetooth Blood Pressure Monitor with Cuff Wrapping Guide, Hypertension Indicator, Japanese Technology, Intellisense Technology, and Most Recommended Brand by Doctors for Accurate Measurement","5.0 out of 5 stars
Very useful health Product, easy to operate. Must have for parents and senior family members",5,"Found the product to be extremely Handy and useful. Must have health tool kit with parents and senior folks . Easy to use and operate. Helps seamlessly monitor BP, Pulse at home. The AFIB feature seems to be a good handy addition to the other feature.since its light weight and reasonably compact, its also manageable to carry when travelling long distances. Quality of the product seems to be high and durable.The Brand was recommended by a physician to me. Would highly recommend it to someone who wants to manage his/her BP/Pulse or take care of their parents or any other senior family member. A good gift option to such people, which is of actual use.",7361T
"Omron HEM 7361T Bluetooth Blood Pressure Monitor with Cuff Wrapping Guide, Hypertension Indicator, Japanese Technology, Intellisense Technology, and Most Recommended Brand by Doctors for Accurate Measurement","5.0 out of 5 stars
Accurate and Convenient",5,I bought this Omron digital BP monitor. It gives very accurate reading. I can see my previous readings on the app which has been connected though Bluetooth. It's very convenient and easy to use. The cuff gets properly fitted over the arm which is of atmost importance as the accuracy of the reading varies on whether the cuff is tied too tight or to loose.,7361T
"Omron HEM 7361T Bluetooth Blood Pressure Monitor with Cuff Wrapping Guide, Hypertension Indicator, Japanese Technology, Intellisense Technology, and Most Recommended Brand by Doctors for Accurate Measurement","5.0 out of 5 stars
Highly Recommended",5,"Previously I bought 7120 depending on high volume sales and customers purchased more than 80k. But Accuracy is missing and I can't able to confirm my BP level confidently. After I returned and ordered again in this higher-end 7146T new model from Amazon's On-time delivery. Really the accuracy is perfect. If I want to check again and again it's shown 2 to 3 points only variables. I am really happy about purchasing this awesome product. Thanks, Omron and Amazon. Worth to buy... Don't consider the price if you want the perfect reading of your BP level.",7361T
"Omron HEM 7361T Bluetooth Blood Pressure Monitor with Cuff Wrapping Guide, Hypertension Indicator, Japanese Technology, Intellisense Technology, and Most Recommended Brand by Doctors for Accurate Measurement","4.0 out of 5 stars
Well designed and simple operation",4,I am writing this post milti usage. The best thing about this product is it’s very simple operating buttons. Feels sturdy. Connection with the omron app is seem less.On top of all this the warranty for 3 years ease of owning it.,7361T
"Omron HEM 7361T Bluetooth Blood Pressure Monitor with Cuff Wrapping Guide, Hypertension Indicator, Japanese Technology, Intellisense Technology, and Most Recommended Brand by Doctors for Accurate Measurement","5.0 out of 5 stars
Overall a good and reliable device",5,"The device looks good and feels sturdy to hold. The cuff is good as it is precurled and can be used for a greater variety of arm sizes. The device readings are reliable. They may be plus minus 3 error on average but that should not be an issue. I am a Hypertensive myself and I use this device to keep a track of my BP.The Omron app is fantastic, it has a lot of features. The one I liked the most is the BP diary feature.",7361T
"Omron HEM 7361T Bluetooth Blood Pressure Monitor with Cuff Wrapping Guide, Hypertension Indicator, Japanese Technology, Intellisense Technology, and Most Recommended Brand by Doctors for Accurate Measurement","5.0 out of 5 stars
Excellent Product By Omron!!!",5,"Firstly, Omron 7361T Blood Pressure Monitor gives the most accurate reading amongst all other BP monitors as because I have tallied up the readings simultaneously with the Sphygmomanometer just after that and it's almost same (± 2mm/Hg).Secondly & most importantly, the AFIB Indicator is one of the most important feature added here which is a must need an hour nowadays to get a risk assumption of the Adam's Stroke Syndrome.Lastly, Dual Mode (along with Guest Mode) feature is also given. You can easily tally your previous reading and the current one adjacently together in the same large display screen and Overall Build Quality is also very nice.If you are looking for a BP monitor with all these features, I would recommend to go for this product undoubtedly. (Considering the budget)",7361T
"Omron HEM 7361T Bluetooth Blood Pressure Monitor with Cuff Wrapping Guide, Hypertension Indicator, Japanese Technology, Intellisense Technology, and Most Recommended Brand by Doctors for Accurate Measurement","5.0 out of 5 stars
Great product",5,Great product,7361T
"Omron HEM 7361T Bluetooth Blood Pressure Monitor with Cuff Wrapping Guide, Hypertension Indicator, Japanese Technology, Intellisense Technology, and Most Recommended Brand by Doctors for Accurate Measurement","2.0 out of 5 stars
Mobile app not connecting with bluetooth of the Machine",2,Tried registering the device on the playstore  omron app. It says country not supported. The option of India does not show hence tried a few other countries. Any advice how to get around this issue. Moreover cant use the Bluetooth function without setting up the app on the phone.,7361T
"Omron HEM 7361T Bluetooth Blood Pressure Monitor with Cuff Wrapping Guide, Hypertension Indicator, Japanese Technology, Intellisense Technology, and Most Recommended Brand by Doctors for Accurate Measurement","4.0 out of 5 stars
Helpful Health Care Products",4,"> Cuff Easy to use> Reading Are Accurate Upto 5 Hg Difference [Many Factor Involve Like Arm Size, Place Like Ground Floor or 1st Floor Etc, Measuring Time]> Easy to Read Display> Bluetooth With App support Avg not Great> Atrial fibrillation Detection with 3 Times Reading Extra Usefull FeatureMisconception in market that for reading app must. Totally Wrong. Anyone Can Use without any App Download Also.",7361T
"Omron HEM 7361T Bluetooth Blood Pressure Monitor with Cuff Wrapping Guide, Hypertension Indicator, Japanese Technology, Intellisense Technology, and Most Recommended Brand by Doctors for Accurate Measurement","4.0 out of 5 stars
Relaiable Product and good build quality",4,We have used this machine for a while and it is a very decent product. I am very satisfied and would recommend to invest atleast this much for health. With the price it comes with its value for money.If there are any cons just to say it's App has some room of improvement w.r.t UX and here and there it looks very earthy UI. And it keeps the foreground notification that is some time annoying there must be setting for always on.,7361T
"Omron HEM 7361T Bluetooth Blood Pressure Monitor with Cuff Wrapping Guide, Hypertension Indicator, Japanese Technology, Intellisense Technology, and Most Recommended Brand by Doctors for Accurate Measurement","5.0 out of 5 stars
Very good product",5,Good product for 2 users,7361T
"Omron HEM 7361T Bluetooth Blood Pressure Monitor with Cuff Wrapping Guide, Hypertension Indicator, Japanese Technology, Intellisense Technology, and Most Recommended Brand by Doctors for Accurate Measurement","4.0 out of 5 stars
Important review",4,This product has such an accuracy that gives u hospital like feeling at home ????? Measurements are sureshot and this machine do take care of ur heart health.,7361T
"Omron HEM 7361T Bluetooth Blood Pressure Monitor with Cuff Wrapping Guide, Hypertension Indicator, Japanese Technology, Intellisense Technology, and Most Recommended Brand by Doctors for Accurate Measurement","5.0 out of 5 stars
Best one for regular use",5,I have been using Omron HEM 7361T since last one year regularly and i would say its best one in terms of Accuracy and easy to use. Its comes with qualilty Cuff which is suetable for different size arms. its has option to seperate messurment for 2 different people same time which I liked the most. I recommend this for people who are looking regular measurment and planning to keep the BP is lower level. Thanks Omeron and Amazon.,7361T
"Omron HEM 7361T Bluetooth Blood Pressure Monitor with Cuff Wrapping Guide, Hypertension Indicator, Japanese Technology, Intellisense Technology, and Most Recommended Brand by Doctors for Accurate Measurement","5.0 out of 5 stars
The Best BP Monitor",5,"Omron HEM 7361T is by far the best and most reliable BP Monitor available. It's easy to use, cuff errors are eliminated and best of all provides accurate (well almost) readings of BP.My only issue is with the ""Guest Mode"" (yes you can measure BP of anyone outside the 2 programmable persons in your family). Omron should have a separate button for ""Guest Mode"" and also those readings should be ""storable"" in memory. Let's not forget that in India we've large and joint families and anyone (other than 2 fixed users) can have the need to check BP and hence ""Guest Mode"" should be more easy to use.",7361T
"Omron HEM 7361T Bluetooth Blood Pressure Monitor with Cuff Wrapping Guide, Hypertension Indicator, Japanese Technology, Intellisense Technology, and Most Recommended Brand by Doctors for Accurate Measurement","5.0 out of 5 stars
Wonderful product...",5,"OMRON 7361T is a too good product. I'm using this product for some months. The product quality is too good and sturdy too. The unique features I do like in this product are AFib indicator and the dual user option. Finally, the OMRON Mobile App for phones; you need not to use any paper and pen to have the BP records. Your phone does this for you. Accuracy of this product is nearly 100%, but this product performs bit slow. With this I do miss a LED backlit display in this. Overall the product is too good. I strongly recommend this product to purchase.",7361T
"Omron HEM 7361T Bluetooth Blood Pressure Monitor with Cuff Wrapping Guide, Hypertension Indicator, Japanese Technology, Intellisense Technology, and Most Recommended Brand by Doctors for Accurate Measurement","5.0 out of 5 stars
Works fine",5,"Works fine, If possible reduce the price",7361T
"Omron HEM 7361T Bluetooth Blood Pressure Monitor with Cuff Wrapping Guide, Hypertension Indicator, Japanese Technology, Intellisense Technology, and Most Recommended Brand by Doctors for Accurate Measurement","5.0 out of 5 stars
Perfect for home",5,We like this Quality And perfect for Home,7361T
"Omron HEM 7361T Bluetooth Blood Pressure Monitor with Cuff Wrapping Guide, Hypertension Indicator, Japanese Technology, Intellisense Technology, and Most Recommended Brand by Doctors for Accurate Measurement","3.0 out of 5 stars
Not accurate as manual blood pressure",3,There is a much difference between manual and automatic. This machine almost gives 15 to 20 difference,7361T
"Omron HEM 7361T Bluetooth Blood Pressure Monitor with Cuff Wrapping Guide, Hypertension Indicator, Japanese Technology, Intellisense Technology, and Most Recommended Brand by Doctors for Accurate Measurement","4.0 out of 5 stars
Easy to use.",4,The device is very easy to operate. The quality of the device and the strap is great. The only con I found so far is that only 2 users can manage their BP readings in the app. There should be option for scanning and recording the reading as well so that more than 2 users can save their records on their respective phones. Overall the device works really well for what it's meant to be.,7361T
"Omron HEM 7361T Bluetooth Blood Pressure Monitor with Cuff Wrapping Guide, Hypertension Indicator, Japanese Technology, Intellisense Technology, and Most Recommended Brand by Doctors for Accurate Measurement","1.0 out of 5 stars
Wrong reading",1,Reading error,7361T
"Omron HEM 7361T Bluetooth Blood Pressure Monitor with Cuff Wrapping Guide, Hypertension Indicator, Japanese Technology, Intellisense Technology, and Most Recommended Brand by Doctors for Accurate Measurement","4.0 out of 5 stars
A accurate and handy BP measuring machine",4,Omron has been able to come with a good handy BP machine which is accurate and perfect for a family. It’s easy to use with an option to monitor two persons separately. The cuff is self adjusting for a wide variety of arm size. The best part is it’s Bluetooth compatibility with an mobile app to keep the log… but wish it was little better priced.,7361T
"Omron HEM 7361T Bluetooth Blood Pressure Monitor with Cuff Wrapping Guide, Hypertension Indicator, Japanese Technology, Intellisense Technology, and Most Recommended Brand by Doctors for Accurate Measurement","5.0 out of 5 stars
Must have for every home. Accurate. Very useful.",5,"It's Accurate, I compared it with Mercury Monitor too. Maintaining 2 records, Weekly Logs, Arterial Fibrillation is good function. Using Omron app is good to keep and check records any time. Bluetooth connectivity and transfer may take some time, so we have to wait for it to get updated. Cuff size fits nicely for heavier people too. Sometimes battery drains fast soo better buy a charging adaptor to save battery. Keep a backup batteries all time if it drains out. Well recommend product.",7361T
"Omron HEM 7361T Bluetooth Blood Pressure Monitor with Cuff Wrapping Guide, Hypertension Indicator, Japanese Technology, Intellisense Technology, and Most Recommended Brand by Doctors for Accurate Measurement","5.0 out of 5 stars
The Omron HEM 7361T Bluetooth Digital Blood Pressure Monitor is very accurate and easy to use.",5,"The Omron HEM 7361T Bluetooth Digital Blood Pressure Monitor is very accurate and easy to use and I have replaced my mercurial BP monitor. I recommend it above all other BP monitors. Although, the size is a bit large, but the features outweigh it. Highly impressed.",7361T
"Omron HEM 7361T Bluetooth Blood Pressure Monitor with Cuff Wrapping Guide, Hypertension Indicator, Japanese Technology, Intellisense Technology, and Most Recommended Brand by Doctors for Accurate Measurement","5.0 out of 5 stars
Product Quality is superior than any oher brand",5,This Omron BP machine is very good in terms of accuracy and connectivity of your mobile. Feature on Mobile accessibility of bp data is more convenient than others. Battery life is good. Warranty is best in class. Technologically it's super. Quality is superior than any other brands. Price is good.I am happy with this machine.,7361T
"Omron HEM 7361T Bluetooth Blood Pressure Monitor with Cuff Wrapping Guide, Hypertension Indicator, Japanese Technology, Intellisense Technology, and Most Recommended Brand by Doctors for Accurate Measurement","5.0 out of 5 stars
Nice product",5,"It's been 6months and I should say the results are really accurate more over it have an additional button for 2 individual profiles data and bluetooth which is an additional advantage we can transfer all our results to mobile app and it will be easy for a doctor to take a call based on results history. Little expensive then other devices but it's worth every penny, you can blindly go for it.",7361T
"Omron HEM 7361T Bluetooth Blood Pressure Monitor with Cuff Wrapping Guide, Hypertension Indicator, Japanese Technology, Intellisense Technology, and Most Recommended Brand by Doctors for Accurate Measurement","5.0 out of 5 stars
Great product to track BP and Afib",5,The product is well built and easy to use. Seamless syncing for the data in the app via Bluetooth. Initially it showcased some issues but the same have been ironed out with the new update. The ability to switch between users is amazing with the toggle button. The Afib indicator is much needed feature and very useful. The carrying case provided makes carrying it hassle free.,7361T
"Omron HEM 7361T Bluetooth Blood Pressure Monitor with Cuff Wrapping Guide, Hypertension Indicator, Japanese Technology, Intellisense Technology, and Most Recommended Brand by Doctors for Accurate Measurement","5.0 out of 5 stars
Great quality",5,"This one is highly recommended, has amazing build quality. The readings also seem to be quite accurate. The cuff band is the best I have seen in any machine. The feature of recording readings for 2 individuals simultaneously is a great noon. Go for it.",7361T
"Omron HEM 7361T Bluetooth Blood Pressure Monitor with Cuff Wrapping Guide, Hypertension Indicator, Japanese Technology, Intellisense Technology, and Most Recommended Brand by Doctors for Accurate Measurement","1.0 out of 5 stars
Defective product",1,Amazone shopping seems to be non reliable nowadays. Product was not working. Have initiated refund procedure,7361T
"Omron HEM 7361T Bluetooth Blood Pressure Monitor with Cuff Wrapping Guide, Hypertension Indicator, Japanese Technology, Intellisense Technology, and Most Recommended Brand by Doctors for Accurate Measurement","4.0 out of 5 stars
Good Product",4,"Good product for its price range , so far readings are mostly accurate .",7361T
"Omron HEM 7361T Bluetooth Blood Pressure Monitor with Cuff Wrapping Guide, Hypertension Indicator, Japanese Technology, Intellisense Technology, and Most Recommended Brand by Doctors for Accurate Measurement","5.0 out of 5 stars
Great device with too many misconceptions",5,"Misconceptions:* This does not need the mobile app to function. The bluetooth feature is optional. You can even set the date and time manually if you don't want to pair it with a mobile. Being a 2-user device, this can be paired with 2 mobile phones for the two users.* There is a guest mode even though the Omron site doesn't mention it. Hold the right arrow when starting the measurement for this. Afib measurement isn't supported for guests.* Histories of either of the user-profiles can be cleared in case if you forget to use the guest mode or decide to try the Afib measurement on a guest.Pros:* All-size cuff* BluetoothCons:Not on the portable side.",7361T
"Omron HEM 7361T Bluetooth Blood Pressure Monitor with Cuff Wrapping Guide, Hypertension Indicator, Japanese Technology, Intellisense Technology, and Most Recommended Brand by Doctors for Accurate Measurement","5.0 out of 5 stars
Must have this machine in home in present scenario",5,"In a present time where we all are so busy in our day to day life and we also miss some of our routine check up, also in most of the house senior citizens also lives. So we should all should have this reliable and branded B.P.measurement machine. It have features of storing all previous history patient wise, so u don't need to worry about it.",7361T
"Omron HEM 7361T Bluetooth Blood Pressure Monitor with Cuff Wrapping Guide, Hypertension Indicator, Japanese Technology, Intellisense Technology, and Most Recommended Brand by Doctors for Accurate Measurement","5.0 out of 5 stars
Very handy and accurate",5,The priduct is very nice and easy to use.Will show anything goes wrong.The reading very accurate as i compared and it have a Bluetooth feature sonwe can save and compare the readinfs anytime.,7361T
"Omron HEM 7361T Bluetooth Blood Pressure Monitor with Cuff Wrapping Guide, Hypertension Indicator, Japanese Technology, Intellisense Technology, and Most Recommended Brand by Doctors for Accurate Measurement","5.0 out of 5 stars
Accurate and easy to use best BP monitor",5,"One of the best bp monitor out in the market, i am using it from 2-3 months and till now no issues and it works fine. The beat part is its has two person monitoring, i downloaded app in my phone and my wife phone and when ever we check we just select the person on machine and after test we sync it in mobile app.And monthly report you can check and show your doctor as well. This machine is best for the monitoring bp during pregnancy. As during this time it requires most care and regular monitoring of would be mom’s.",7361T
"Omron HEM 7361T Bluetooth Blood Pressure Monitor with Cuff Wrapping Guide, Hypertension Indicator, Japanese Technology, Intellisense Technology, and Most Recommended Brand by Doctors for Accurate Measurement","4.0 out of 5 stars
Good product",4,Good product with accuracy but limitation of 2 person for data trucking,7361T
"Omron HEM 7361T Bluetooth Blood Pressure Monitor with Cuff Wrapping Guide, Hypertension Indicator, Japanese Technology, Intellisense Technology, and Most Recommended Brand by Doctors for Accurate Measurement","5.0 out of 5 stars
Excellent Bp Monitoring machine",5,"This BP machine has an option of two users. Meaning the data of 2 users can be saved on the Omron app. You can monitor the readings over a period of 1 week , month , year. This will tell you the tend. Also omron app gets synced to Apple health which stores the BP data.If you can spend a bit more. This is an excellent buy.",7361T
"Omron HEM 7361T Bluetooth Blood Pressure Monitor with Cuff Wrapping Guide, Hypertension Indicator, Japanese Technology, Intellisense Technology, and Most Recommended Brand by Doctors for Accurate Measurement","5.0 out of 5 stars
Satisfied with the BPM device",5,Readings were consistent with accuracy of 1 or 2 points between tests.Pros:1. Easy to use2. Light weight to carry (product comes with pouch and easy to handle)3. Bluetooth connectivity and app is superb and intuitive.4. One button to start and stop makes easy for my father and mother to useCons:1. Battery operated and cable has to be purchased separately. Box does not contain power cable.Over all satisfied with the product and I recommend to buy.,7361T
"Omron HEM 7361T Bluetooth Blood Pressure Monitor with Cuff Wrapping Guide, Hypertension Indicator, Japanese Technology, Intellisense Technology, and Most Recommended Brand by Doctors for Accurate Measurement","4.0 out of 5 stars
Good quality product with bluetooth sync to app",4,This is a very good quality product and easy and comfortable to use. The bluetooth sync feature is very useful to maintain and see all BP records on the app visually. One star less because they do not allow syncing the BP data with Google Fit unless you buy their body composition monitor also.,7361T
"Omron HEM 7361T Bluetooth Blood Pressure Monitor with Cuff Wrapping Guide, Hypertension Indicator, Japanese Technology, Intellisense Technology, and Most Recommended Brand by Doctors for Accurate Measurement","4.0 out of 5 stars
Easy to use but not so consistent reading.",4,The instrument is easy to use.  The numbers are not so accurate.  You can only be sure that your BP is high if number is high.  Does not connect to mobile easily.  If you take two three reading there could be variation of 5 to 10 points.,7361T
"Omron HEM 7361T Bluetooth Blood Pressure Monitor with Cuff Wrapping Guide, Hypertension Indicator, Japanese Technology, Intellisense Technology, and Most Recommended Brand by Doctors for Accurate Measurement","5.0 out of 5 stars
Kudos to amazon return policy-saved my day",5,"The machine I ordered first was not sealed, readings were inconsistent even if taken in a short duration of time. so returned.replaced machine was also not sealed, was giving consistently low values for both SYS and DIA values. had to return that too..machine was very user friendly, setup was a breeze, bluetooth,duel user functionality all exceptional.planning to order from omron directly once it back in stock. i doubt amazon keep sending returned products, else there is no way two successive products are defective.other online vendors have no return policy for this product. appreciate amazon on this .",7361T
"Omron HEM 7361T Bluetooth Blood Pressure Monitor with Cuff Wrapping Guide, Hypertension Indicator, Japanese Technology, Intellisense Technology, and Most Recommended Brand by Doctors for Accurate Measurement","4.0 out of 5 stars
Good BP monitor with simple usage",4,"Omron BP monitor has good accuracy and is reading are easier to take with dual person reading details.Built quality is robust, though it has some issues with app connectivity but it was resolved afterdoing necessary settings. Overall satisfied with this purchase.",7361T
"Omron HEM 7361T Bluetooth Blood Pressure Monitor with Cuff Wrapping Guide, Hypertension Indicator, Japanese Technology, Intellisense Technology, and Most Recommended Brand by Doctors for Accurate Measurement","5.0 out of 5 stars
Reliable health-care appliance.",5,"This one is pretty easy to operate. Put the cells, download the Omron Connect app, pair the machine and start recording your BP. It's that simple. I could not compare the readings yet, but it has consistency. The companion app is really useful. You can get the readings presented in the ways you need. There is a wishlist, though. The form factor is a little too bulky and it would be a nice touch if it can be powerd by recharge able batteries and through any USB Ports. Otherwise, it's a perfect machine for BP monitoring.",7361T
"Omron HEM 7361T Bluetooth Blood Pressure Monitor with Cuff Wrapping Guide, Hypertension Indicator, Japanese Technology, Intellisense Technology, and Most Recommended Brand by Doctors for Accurate Measurement","5.0 out of 5 stars
Best & most accurate",5,"Purchased this device in the month of April, 2023. Using the device regularly and observed that this device is most accurate and easy to use and hence, best in all of the BP devices Presently available in the market.",7361T
"Omron HEM 7361T Bluetooth Blood Pressure Monitor with Cuff Wrapping Guide, Hypertension Indicator, Japanese Technology, Intellisense Technology, and Most Recommended Brand by Doctors for Accurate Measurement","5.0 out of 5 stars
Bluetooth Connected Monitor with BP Diary Creation feature",5,Loved the BP Monitor. Has a preformed cuff - that leads to a more accurate blood pressure readings. Can be used independentaly between two family members by the slide of a switch. The data independence is maintained. After the location is shared with the android app - the monitor automatically pushed the BP REadings to the phone.There is a calender function where the average BP is maintained and recorded along with the timing of the BP MEdicines. We can also export the measured readings via email for accurate charting and opinions.,7361T
"Omron HEM 7361T Bluetooth Blood Pressure Monitor with Cuff Wrapping Guide, Hypertension Indicator, Japanese Technology, Intellisense Technology, and Most Recommended Brand by Doctors for Accurate Measurement","5.0 out of 5 stars
Good Product",5,Omron has always been i great company and brand concerning affordable medical equipments. Will surely recommend.,7361T
"Omron HEM 7361T Bluetooth Blood Pressure Monitor with Cuff Wrapping Guide, Hypertension Indicator, Japanese Technology, Intellisense Technology, and Most Recommended Brand by Doctors for Accurate Measurement","5.0 out of 5 stars
Useful device for regular BP monitoring",5,Accurate BP display if you follow the guidelines for measure BP. Both for home use and professional use.,7361T
"Omron HEM 7361T Bluetooth Blood Pressure Monitor with Cuff Wrapping Guide, Hypertension Indicator, Japanese Technology, Intellisense Technology, and Most Recommended Brand by Doctors for Accurate Measurement","4.0 out of 5 stars
Good product but complicated for no reason",4,"It is a good product, very accurate readings but they have made it to complicated to get the readings from the machine to the phone. I think their could have been a simpler way. I had to find YouTube videos to figure it out",7361T
"Omron HEM 7361T Bluetooth Blood Pressure Monitor with Cuff Wrapping Guide, Hypertension Indicator, Japanese Technology, Intellisense Technology, and Most Recommended Brand by Doctors for Accurate Measurement","5.0 out of 5 stars
Mind blowing item.",5,My 2nd purchase of BP machine. I am fully satisfied with this product. All features are working well. My family physician also liked this machine.,7361T
"Omron HEM 7361T Bluetooth Blood Pressure Monitor with Cuff Wrapping Guide, Hypertension Indicator, Japanese Technology, Intellisense Technology, and Most Recommended Brand by Doctors for Accurate Measurement","5.0 out of 5 stars
One of the Best Blood Pressure Monitor Available",5,I had bought the Omron HEM 7361T BP apparatus and works well for home use. Quite accurate as I have verified the readings with a traditional mercury BP apparatus. The best feature is AFib function and two person measurements and storing.Would definitely recommend as its as good as a professional BP apparatus.,7361T
"Omron HEM 7361T Bluetooth Blood Pressure Monitor with Cuff Wrapping Guide, Hypertension Indicator, Japanese Technology, Intellisense Technology, and Most Recommended Brand by Doctors for Accurate Measurement","5.0 out of 5 stars
Reliable and Easy to use",5,"Unlike regular BP monitors that I have used in the past, the smart Pre formed cuff eliminates the arduous wrapping of the arm every time to take a reading, instead you just slap on this smartly designed cuff around your arms and use to velcro to tighten it.It also has a very useful Bluetooth feature which automatically transfers the readings to the Omron app on the phone.A must have for all BP patients.",7361T
"Omron HEM 7361T Bluetooth Blood Pressure Monitor with Cuff Wrapping Guide, Hypertension Indicator, Japanese Technology, Intellisense Technology, and Most Recommended Brand by Doctors for Accurate Measurement","5.0 out of 5 stars
Accurate and Easy to use",5,Writing this review after 8 months of intermittent use. Results are pretty accurate; machine is very handy and user friendly.The cuff design is very nice and easy to use.The best part is it’s Bluetooth compatibility with a mobile app to keep the log.,7361T
"Omron HEM 7361T Bluetooth Blood Pressure Monitor with Cuff Wrapping Guide, Hypertension Indicator, Japanese Technology, Intellisense Technology, and Most Recommended Brand by Doctors for Accurate Measurement","4.0 out of 5 stars
Nice BP Machine",4,"Looks good, works good. Accuracy is not checked with other machine but assumed this will give correct resulte...hahaha.Bluetooth connectivity gives problem at the first time but customer care resolved the issue on the phone....machine is working fine",7361T
"Omron HEM 7361T Bluetooth Blood Pressure Monitor with Cuff Wrapping Guide, Hypertension Indicator, Japanese Technology, Intellisense Technology, and Most Recommended Brand by Doctors for Accurate Measurement","5.0 out of 5 stars
Accuracy, Easy to Use and Light Weight",5,"Overall, it is a good product for a family as it has a Dual Profile feature where you can maintain the history of your BP and show the accurate results. Continue to monitor your BP as needed, and it will sync with the app and save the history. It is very light, so you can easily carry it along during a long vacation outside.It would be better if they added the power adaptor along with the device.",7361T
"Omron HEM 7361T Bluetooth Blood Pressure Monitor with Cuff Wrapping Guide, Hypertension Indicator, Japanese Technology, Intellisense Technology, and Most Recommended Brand by Doctors for Accurate Measurement","5.0 out of 5 stars
Spot On, Convenient and Mobile app is awesome for tracking",5,"Pros:Its a spot and worth the price. A very user friendly as well. Mobile app adds an advantage as it can sync and store the device data reading in the mobile for historical tracking. Apart from this AC adapter facility is also there if one doesnt want to use Batteries. Perfect product for Home Set Up.Cons:Product is slightly overpriced. Also, DC adapter must come with the packaging.Overall a very positive experience I had",7361T
"Omron HEM 7361T Bluetooth Blood Pressure Monitor with Cuff Wrapping Guide, Hypertension Indicator, Japanese Technology, Intellisense Technology, and Most Recommended Brand by Doctors for Accurate Measurement","3.0 out of 5 stars
Check calibration",3,"Although expensive compared to other machines, has useful features.Readings differ considerably when compared with blood pressure taken by a doctor",7361T
"Omron HEM 7361T Bluetooth Blood Pressure Monitor with Cuff Wrapping Guide, Hypertension Indicator, Japanese Technology, Intellisense Technology, and Most Recommended Brand by Doctors for Accurate Measurement","4.0 out of 5 stars
Feedback after using the device for 3 months",4,"I have been using the device occasionally for 3 months now, and my experience has been good with the product. Omron is a renowned brand in BP monitoring and reliable too in terms of reading.",7361T
"Omron HEM 7361T Bluetooth Blood Pressure Monitor with Cuff Wrapping Guide, Hypertension Indicator, Japanese Technology, Intellisense Technology, and Most Recommended Brand by Doctors for Accurate Measurement","5.0 out of 5 stars
Best Device for Blood Pressure monitoring!!",5,I was searching for a blood pressure monitor since few months. Searched a lot and found many good brands but they are lagging in some or the other thing. Then found the Omron HEM 7361T Bluetooth Digital Blood Pressure Monitor. It was at a great deal and the brand has a good reputation in the market. Thought of giving it a try.I found the product to be the best and it gives near accurate reading. It also comes with a bag which can store the device as well as the cuff. It runs on battery and it can also run on 6V AC. The product is remarkable!,7361T
"Omron HEM 7361T Bluetooth Blood Pressure Monitor with Cuff Wrapping Guide, Hypertension Indicator, Japanese Technology, Intellisense Technology, and Most Recommended Brand by Doctors for Accurate Measurement","5.0 out of 5 stars
Excellent product with accurate readings",5,I bought this product for myself based on the brand review and accuracy of the blood pressure monitoring device. The device seamlessly transfers the readings to my phone which helps me track my blood pressure record. Overall an excellent device,7361T
"Omron HEM 7361T Bluetooth Blood Pressure Monitor with Cuff Wrapping Guide, Hypertension Indicator, Japanese Technology, Intellisense Technology, and Most Recommended Brand by Doctors for Accurate Measurement","5.0 out of 5 stars
Best smart BP monitor !!!!",5,"After lot of research to get a smart BP monitor I ended up with the this model. And I’m happy to get his model.The BP monitor connects very easily with android and ios. The reading sync to the mobile without any issues.The device operates so smoothly, you will know the difference if you would have used old BP machines. The hand cuff is so well designed makes it ear to wrap around the arms.Best machine If you want a smart BP monitor. !!!",7361T
"Omron HEM 7361T Bluetooth Blood Pressure Monitor with Cuff Wrapping Guide, Hypertension Indicator, Japanese Technology, Intellisense Technology, and Most Recommended Brand by Doctors for Accurate Measurement","5.0 out of 5 stars
Reliable and accurate!!!",5,"Readings are accurate and device is very easy to use. One should take care of his posture while monitoring the BP because readings may be inaccurate if posture is not correct, guide book can be followed for same. This is one of the top BP monitoring products from Omron, hence quality is top and it is easily operable.",7361T
"Omron HEM 7361T Bluetooth Blood Pressure Monitor with Cuff Wrapping Guide, Hypertension Indicator, Japanese Technology, Intellisense Technology, and Most Recommended Brand by Doctors for Accurate Measurement","5.0 out of 5 stars
Monitor your health",5,"No need to visit the Dr. just to check BP. Helpful in understanding the BP fluctuations daily based on sleep time and or food habits or any other situations. By this corrections can be made, food, sleep and avoid people that impact BP",7361T
"Omron HEM 7361T Bluetooth Blood Pressure Monitor with Cuff Wrapping Guide, Hypertension Indicator, Japanese Technology, Intellisense Technology, and Most Recommended Brand by Doctors for Accurate Measurement","1.0 out of 5 stars
Inaccurate readings",1,"Despite being so costly device, it shows different reading if you take BP again and again, which is very dangerous as my medicine depend on current BP. I bought this most costly version considering it will show correct readings, but feel cheated now. Don't buy it.",7361T
"Omron HEM 7361T Bluetooth Blood Pressure Monitor with Cuff Wrapping Guide, Hypertension Indicator, Japanese Technology, Intellisense Technology, and Most Recommended Brand by Doctors for Accurate Measurement","4.0 out of 5 stars
Reading issues",4,20-25% of the readings give an error message even though the cuff is properly worn which is disappointing. Other than that machine is good. Omron app is very useful and provides all historical data.,7361T
"Omron HEM 7361T Bluetooth Blood Pressure Monitor with Cuff Wrapping Guide, Hypertension Indicator, Japanese Technology, Intellisense Technology, and Most Recommended Brand by Doctors for Accurate Measurement","5.0 out of 5 stars
Accurate readings...reliable product",5,I bought this product on recommendation of my doctor as both parents suffer from hypertension. The machine provides fairly accurate reading and helps in daily monitoring. The history functionality and bluetooth helps to prepare chart and present to the doctors.,7361T
Omron Smart Elite+ HEM 7600T Tubeless 360° Accurate Digital Blood Pressure Monitor With Intellisense Technology &amp; Intelli Wrap Cuff With Bluetooth Connectivity to Store Historic Measurements,"5.0 out of 5 stars
Excellent for daily health monitoring",5,"The Omron Smart Elite+ HEM 7600T Tubeless Blood Pressure Monitor is a true game-changer when it comes to monitoring your health with accuracy and convenience. This product offers a level of sophistication and reliability that is truly impressive.One of the standout features of this blood pressure monitor is the Intellisense Technology. It ensures that every reading is not only accurate but also comfortable. The inflation and deflation of the cuff are controlled intelligently, making the entire measuring process smoother and more pleasant. This is particularly important for anyone who may feel apprehensive about blood pressure measurements.The Intelli Wrap Cuff is a brilliant addition that takes away the hassle of finding the perfect positioning. The 360° accuracy ensures that no matter how you place the cuff on your arm, you'll still get a precise reading. This is a huge relief, especially for those who have struggled with traditional cuffs that require meticulous placement.Bluetooth connectivity takes this product to the next level. Being able to store historic measurements and track your blood pressure trends over time is incredibly valuable for anyone looking to manage their health effectively. The convenience of having your data accessible on a smartphone or tablet adds a modern touch to the traditional practice of monitoring blood pressure.The sleek and modern design, especially in the Black variant, fits seamlessly into any living space. It doesn't look like a medical device, which can make it more appealing to use regularly, encouraging users to keep an eye on their health proactively.One of the most reassuring aspects of the Omron Smart Elite+ is the brand's reputation. Omron is synonymous with accurate and dependable medical devices, and this product lives up to that reputation.In conclusion, the Omron Smart Elite+ HEM 7600T Tubeless Blood Pressure Monitor is a stellar investment in your health. With its intelligent technology, tubeless design, accurate measurements, and Bluetooth connectivity, it's a device that not only enhances your health monitoring experience but also empowers you to take control of your well-being. Whether you're managing existing health conditions or simply being proactive about your health, this blood pressure monitor is an excellent choice that provides peace of mind and tangible benefits.",7600T
Omron Smart Elite+ HEM 7600T Tubeless 360° Accurate Digital Blood Pressure Monitor With Intellisense Technology &amp; Intelli Wrap Cuff With Bluetooth Connectivity to Store Historic Measurements,"5.0 out of 5 stars
Easy to use and best",5,"I liked the strap, monitor, font of the readings and ease of use of this product. One shortcoming of it is there is no chance of using it with plugin AC DC facility. There is no charger. We have to depend upon four pencil cells. I'm regular user so I keep an extra set of four pencil cells in case of need. But I would like to get one with a charger facility and plugin type.The records are stored in chronological order and are easily accessible. There is multiple users record facility. Compatible to Android mobile smart phone. Almost negligible weight and good to carry as it is compact. I always carry it on flights. Overall a good possession. I recommend it to buy.",7600T
Omron Smart Elite+ HEM 7600T Tubeless 360° Accurate Digital Blood Pressure Monitor With Intellisense Technology &amp; Intelli Wrap Cuff With Bluetooth Connectivity to Store Historic Measurements,"4.0 out of 5 stars
Good product",4,"Quality of the BP machine is premium, easy to fix on the arm but I have a big issue that for a such an expensive machine no cover was given to store it or take along during travel.",7600T
Omron Smart Elite+ HEM 7600T Tubeless 360° Accurate Digital Blood Pressure Monitor With Intellisense Technology &amp; Intelli Wrap Cuff With Bluetooth Connectivity to Store Historic Measurements,"5.0 out of 5 stars
Good product",5,This product is very easy to check your BP levels.. you can easily monitor your readings on your mobile device once connected with this product.. this machine is now a days used in many hospitals as it’s trustworthy & gives exact readings. I recommend to buy this product on Amazon as you have a great price benefit here,7600T
Omron Smart Elite+ HEM 7600T Tubeless 360° Accurate Digital Blood Pressure Monitor With Intellisense Technology &amp; Intelli Wrap Cuff With Bluetooth Connectivity to Store Historic Measurements,"1.0 out of 5 stars
Wildly inaccurate",1,"I purchased two of these. There are two things I observed, keep in mind that the comparison is with two  reliable mercury apparatus regularly used in patient care.1. Multiple readings at the same spot gives slightly different results.2. Readings are way off when compared with a mercury apparatus. I did this on at least 4 people and all were off.Occasionally it gives somewhat correct readings and I don't know how to consistently reproduce the output. I tried going through everything in their manual. I trusted the device thinking that it'd give good performance by seeing the price tag and how well it is made, bias towards the usual Japanese quality and stuff. I felt like a total idiot. I was traveling when I ordered these and product was already out of the return window when I could use it and test for the first time. Please don't be me. Don't buy this.",7600T
Omron Smart Elite+ HEM 7600T Tubeless 360° Accurate Digital Blood Pressure Monitor With Intellisense Technology &amp; Intelli Wrap Cuff With Bluetooth Connectivity to Store Historic Measurements,"5.0 out of 5 stars
Excellent",5,"Easy to use, accurate, bit costly though.",7600T
Omron Smart Elite+ HEM 7600T Tubeless 360° Accurate Digital Blood Pressure Monitor With Intellisense Technology &amp; Intelli Wrap Cuff With Bluetooth Connectivity to Store Historic Measurements,"5.0 out of 5 stars
Good Product",5,This Blood pressure monitor is very user-friendly,7600T
Omron Smart Elite+ HEM 7600T Tubeless 360° Accurate Digital Blood Pressure Monitor With Intellisense Technology &amp; Intelli Wrap Cuff With Bluetooth Connectivity to Store Historic Measurements,"3.0 out of 5 stars
Not worth it - read detailed review to understand",3,"It is a fairly accurate device and is fairly idiot-proof to use and there is where good points end. The Software is just too buggy for my like and takes effort to sync. Even after syncing the days with the graphical display may or may not update. The app has advertisements in it and that is just not acceptable after buying such a premium product. I had written and given this feedback in detail but to no avail. The latest version of the app is even more buggy. Perhaps when you are big enough in the industry one stops listening to the users.The second quirk is that it takes one reading at a time. All high-end machines either give you an option of multiple readings (Usually 3) and give you an option of taking an average readout or separate if so wished. That is just a matter of a firmware update - but they seem to be happy with their product but sadly I am not.I am so perturbed with the software that it is just a matter of time before it goes on OLX and I get a new one. There are only two in this price range and ease of use and the other one is used by my cousin, without naming it - I will go for it.",7600T
Omron Smart Elite+ HEM 7600T Tubeless 360° Accurate Digital Blood Pressure Monitor With Intellisense Technology &amp; Intelli Wrap Cuff With Bluetooth Connectivity to Store Historic Measurements,"4.0 out of 5 stars
It's Omron",4,"Really Good,  but needed to have a charging point as batteries drain very fast and need to remember to remove them when not in use",7600T
Omron Smart Elite+ HEM 7600T Tubeless 360° Accurate Digital Blood Pressure Monitor With Intellisense Technology &amp; Intelli Wrap Cuff With Bluetooth Connectivity to Store Historic Measurements,"5.0 out of 5 stars
Accurate and slick",5,One of my best purchase in recent time. It’s accurate and slick just roll it over the arms and press the button no tube’s tangling around brilliant design. Bluetooth connects to app seamlessly. 5 star from my end both for product and on time professional delivery,7600T
Omron Smart Elite+ HEM 7600T Tubeless 360° Accurate Digital Blood Pressure Monitor With Intellisense Technology &amp; Intelli Wrap Cuff With Bluetooth Connectivity to Store Historic Measurements,"5.0 out of 5 stars
Very good device",5,"If you follow the exact device instructions, you will get a correct measurement.It is a perfect and compact device.",7600T
Omron Smart Elite+ HEM 7600T Tubeless 360° Accurate Digital Blood Pressure Monitor With Intellisense Technology &amp; Intelli Wrap Cuff With Bluetooth Connectivity to Store Historic Measurements,"3.0 out of 5 stars
No Discrimination please!",3,"It's undoubtedly a good product, but yet I give it three stars. Reason: You get this Japanese product with a proper bag, if you are in the US or Europe. But in India, they are simply giving it in a cardboard box and leaving it to us to buy a proper bag for its safety. This discrimination with the buyers in India is not fair. I don't think I would opt for Omron products just for this reason, even if they are the best in the market. No discrimination please!",7600T
Omron Smart Elite+ HEM 7600T Tubeless 360° Accurate Digital Blood Pressure Monitor With Intellisense Technology &amp; Intelli Wrap Cuff With Bluetooth Connectivity to Store Historic Measurements,"5.0 out of 5 stars
It is wireless and can be carried at ease while you travel",5,"As a family , are regular users of Omron products , especially the BP and temperature equipment s.This product I am really satisfied and the reason for it is that , Firstly it is wireless, so the ease of using it , secondly I can  carry it while we travel comfortably and lastly the most important is its data collection Ie the transfer of data through Blue tooth to my mobile and hence helps me monitor my health position at any given point of time",7600T
Omron Smart Elite+ HEM 7600T Tubeless 360° Accurate Digital Blood Pressure Monitor With Intellisense Technology &amp; Intelli Wrap Cuff With Bluetooth Connectivity to Store Historic Measurements,"5.0 out of 5 stars
Accurate BP Measurement",5,It measures accurately and easy to connect in Android app which makes life easy to track the data.Life Saver!!!!!,7600T
Omron Smart Elite+ HEM 7600T Tubeless 360° Accurate Digital Blood Pressure Monitor With Intellisense Technology &amp; Intelli Wrap Cuff With Bluetooth Connectivity to Store Historic Measurements,"4.0 out of 5 stars
Good BP measuring device",4,"This is a good product . Very easy to use with good accuracy . The app was easy to install and has a good set of features to track one’s BP . Since the machine will be used by multiple people in the house , feature to track BP seperately would have been a good feature to have .",7600T
Omron Smart Elite+ HEM 7600T Tubeless 360° Accurate Digital Blood Pressure Monitor With Intellisense Technology &amp; Intelli Wrap Cuff With Bluetooth Connectivity to Store Historic Measurements,"4.0 out of 5 stars
Very convenient to use",4,"This is not exactly as accurate as the manual measurement. However the difference is around 10 to 5 points when in 130s range (most BP measurement devices are in this range) however, the ease of use is very good and the values are comparable to manual. Once you go towards higher range >150 in BP, the discrepancy between manual and this device also increases to around 20 points. So don’t panic and go for manual measurement",7600T
Omron Smart Elite+ HEM 7600T Tubeless 360° Accurate Digital Blood Pressure Monitor With Intellisense Technology &amp; Intelli Wrap Cuff With Bluetooth Connectivity to Store Historic Measurements,"5.0 out of 5 stars
My confidence validated with OMRON HEM 7600T",5,"I am BP patient and has to monitor BP daily. The BP machine I was using was giving readings with 10-15 points variations. So was never sure of actual readings. Recently I met A very senior globally renowned Dr who is also Head of Department of a leading hospital chain in India. I saw him using this M/c. This gave me a confidence and I decided to buy 1 for me. I bought it the same day from Amazon. The product was delivered perfectly in couple of days. Since then I am using it daily. I hv compared its readings with manual m/cs. It is accurate and has just 2-3 point variation. The product is easy to use with irregular heartbeats indicator, intelligent cuff which alerts if incorrectly wrapped. So all 5 star to this product of OMRON. OMRON app which gets all readings transferred to my phone automatically. I am able to view complete logbook and all charts & graphs any time. OMRON also incentivise on taking readings regularly in terms of points which can be encashed for OMRON products or e-commerce vouchers. I am planning to buy one body composition m/c with these. Wud recommend every one to go for it.",7600T
Omron Smart Elite+ HEM 7600T Tubeless 360° Accurate Digital Blood Pressure Monitor With Intellisense Technology &amp; Intelli Wrap Cuff With Bluetooth Connectivity to Store Historic Measurements,"5.0 out of 5 stars
Handy, Easy to Use, Value for Money",5,This product comes in handy when dealing with patients. Especially old patients where I use the device multiple no. of times in a day during home care. This product is highly recommended.Batteries die out quickly. Please use standard Duracell batteries only.,7600T
Omron Smart Elite+ HEM 7600T Tubeless 360° Accurate Digital Blood Pressure Monitor With Intellisense Technology &amp; Intelli Wrap Cuff With Bluetooth Connectivity to Store Historic Measurements,"5.0 out of 5 stars
Accurate BP readings",5,Purchased this on the advice of my family doctor. Found it extremely easy to use plus did not face the problems with most other similar instruments where at least 50 pct of the readings needed to be redone as the cuff was indicated as placed wrongly. Makes it easy to take at least 3 readings over a short period and select the right reading. It has a 5 year warranty and is imported from Japan. There is an app and the instrument can connect wirelessly with that. All in all a very good buy and a life saver.,7600T
Omron Smart Elite+ HEM 7600T Tubeless 360° Accurate Digital Blood Pressure Monitor With Intellisense Technology &amp; Intelli Wrap Cuff With Bluetooth Connectivity to Store Historic Measurements,"4.0 out of 5 stars
Hassle free blood pressure monitor.",4,Pros:1.) The product is of top notch quality.2.) Most importantly you can it use it to measure your own blood pressure without the help of a another person.3.) The machine automatically detects if the cuff is not worn properly.4.) It says it can detect arrhythmia. I haven't tested this feature. Hopefully I won't have to :)5.) You can upload the Blood Pressure reading to your mobile via Bluetooth & the Omron app. But it cannot store the data for multiple users.Cons:1.) Super expensive. I really doubt people in India will consider purchasing this when u can purchase a machine of exactly the same accuracy in 1/10th price.2.) Accuracy is average or you can say just like any other digital B.P. monitor. There is always a  +/- 15 mmHg inaccuracy in reading.,7600T
Omron Smart Elite+ HEM 7600T Tubeless 360° Accurate Digital Blood Pressure Monitor With Intellisense Technology &amp; Intelli Wrap Cuff With Bluetooth Connectivity to Store Historic Measurements,"1.0 out of 5 stars
Product stopped working within 2 weeks from the date of purchase",1,"Waste product... Neither the seller nor Amazon is responding to look in to the matter to resolve the issue or replace the product.. It means, Amazon focus is only on sale not on after sale support.",7600T
Omron Smart Elite+ HEM 7600T Tubeless 360° Accurate Digital Blood Pressure Monitor With Intellisense Technology &amp; Intelli Wrap Cuff With Bluetooth Connectivity to Store Historic Measurements,"5.0 out of 5 stars
Top of the line Digital BP monitor",5,"Pros:1.) Ease of use - Due to it's tubeless design, it is not required to align the cuff with the brachial artery. So, it is easier to use, especially if you have to take readings on your own.Note: Finding the brachial artery by pulse location might be simple if you are a healthcare professional or practice this regularly. For everyone else, this BP monitor is very convenient!2.) Digital - Not just in displaying the BP readings, but the ecosystem as well, i.e. you can upload the reading to your Omron app via Bluetooth.3.) Fit - This fits on above average bicep sizes (like 9-9.5 inches) as well as smaller bicep sizes (like 14-14.5 inches). It might be a fit for sizes outside this range as well. I haven't tested it on anyone outside this range!4.) Overall good build quality - feels premium.Cons:brachial1.) Without any offers, the price is a bit expensive, but got it at 8.3k during the great Indian festival sale. So, I feel this is a not a major con. Try to buy this in a sale!2.) After putting the batteries inside, the battery cover took a few tries to close fully. Since replacing battery is once in a few months activity, this is a minor con.",7600T
Omron Smart Elite+ HEM 7600T Tubeless 360° Accurate Digital Blood Pressure Monitor With Intellisense Technology &amp; Intelli Wrap Cuff With Bluetooth Connectivity to Store Historic Measurements,"1.0 out of 5 stars
Bad",1,Not good. Giving faulty results. Not accurate measurement at all. Have to rush to clinic to confirm my BP. Very disappointed,7600T
Omron Smart Elite+ HEM 7600T Tubeless 360° Accurate Digital Blood Pressure Monitor With Intellisense Technology &amp; Intelli Wrap Cuff With Bluetooth Connectivity to Store Historic Measurements,"4.0 out of 5 stars
Pricey but reliable.",4,"Review subject says it all. Product is pricey but reliable. Good quality, easy to use and no cumbersome wires or tunes.",7600T
Omron Smart Elite+ HEM 7600T Tubeless 360° Accurate Digital Blood Pressure Monitor With Intellisense Technology &amp; Intelli Wrap Cuff With Bluetooth Connectivity to Store Historic Measurements,"4.0 out of 5 stars
Reliable and more accurate than most other models",4,"Pros-- Single unit with cuff and monitor making it very portable- Has detection sensors for movement making testing for orthostatic drops more reliable than most other devices- Can detect a few arrhythmias that have irregular beats- Syncs well with logging app on iosCons-- No portable carry case for protection- Rare and occasional, obviously  erroneous low recording that changes on testing again (shows <80/50 in an asymptomatic patient).Bottom line- Portability and superior accuracy make it worthwhile for patients who require regular Bp monitor or by doctors for use in clinics.",7600T
Omron Smart Elite+ HEM 7600T Tubeless 360° Accurate Digital Blood Pressure Monitor With Intellisense Technology &amp; Intelli Wrap Cuff With Bluetooth Connectivity to Store Historic Measurements,"5.0 out of 5 stars
Worth Buying Considering the features",5,"Omron HEM 7600T looks and design-wise excellent, the tubeless wrap band is easy to wear, it fits in our arm without slippage and holds the firm on your armThe user interface is very simple to operate we can take measurements ourselves with one touch of the button without the help of anyone.It is meant to be placed on the left arm and by mistake, if you put it on the right-hand user interface will not be visible. This avoids any human error.Monitors irregular heartbeat and gives an alert even if you look normal, this feature help in the early finding of any heart problem.Doctors ask us to keep log all data which is a very tedious job to make a note and it becomes more horrible when you are sick. Bluetooth feature help makes a log automatically upload on your Mobile Omron Connect App and generate a log file which we can easily send through any chatting app or email.It’s worth buying Omron HEM 7600T considering all the above features.",7600T
Omron Smart Elite+ HEM 7600T Tubeless 360° Accurate Digital Blood Pressure Monitor With Intellisense Technology &amp; Intelli Wrap Cuff With Bluetooth Connectivity to Store Historic Measurements,"4.0 out of 5 stars
Fairly adequate for general purposes.",4,"The device is fairly adequate for general purposes. The accuracy of readings is well within the acceptable norms. The thing with Blood Pressure is that it is a range rather than an absolute fixed value. Knowing how to interpret the results from a device like this is expected if you aren't a healthcare professional. Seek advice from one if you are in doubt. Do not modify your current anti-hypertensive drug regimens based on the values of this device alone.Though not a deal-breaker ""Multiple profiles"" are not supported considering the premium value of the device, Samsung Health app compatibility doesn't seem to work reliably. The ease of use scores this product my recommendation.Cloudtail/Amazon packing was subpar for this one, just the device box packed in a plastic cover! Registered immediately on the Omron Brand Shop website though, only time will tell how far the 5-year warranty promise holds true when purchased online.",7600T
Omron Smart Elite+ HEM 7600T Tubeless 360° Accurate Digital Blood Pressure Monitor With Intellisense Technology &amp; Intelli Wrap Cuff With Bluetooth Connectivity to Store Historic Measurements,"5.0 out of 5 stars
Excellent product",5,Easy to useI use it on a daily basis for my mother and also use the mobile appAccurate and so easy to use,7600T
Omron Smart Elite+ HEM 7600T Tubeless 360° Accurate Digital Blood Pressure Monitor With Intellisense Technology &amp; Intelli Wrap Cuff With Bluetooth Connectivity to Store Historic Measurements,"4.0 out of 5 stars
Get it for the Convenience, Not Better Accuracy.",4,I have used it for an year now with extensive readings. I will review it one word -  Convenient.Its a single unit and convenient to use since you don’t have to handle the cuff and machine separately.Accuracy - I have taken 100s of readings and have also taken readings at the same times from a little older Omron Regular blood pressure monitor and I didn’t find any difference in accuracy at all.(Multiple Instances)Advantage - The readings are transferred via bluetooth to the phone as well your phone Health App if you want.In totality I would say its a good to have product but pretty expensive for what it offers. I don’t regret buying it but could have been decently priced.,7600T
Omron Smart Elite+ HEM 7600T Tubeless 360° Accurate Digital Blood Pressure Monitor With Intellisense Technology &amp; Intelli Wrap Cuff With Bluetooth Connectivity to Store Historic Measurements,"4.0 out of 5 stars
Reliable",4,The product is certainly reliable and consistent in it's BP reading.,7600T
Omron Smart Elite+ HEM 7600T Tubeless 360° Accurate Digital Blood Pressure Monitor With Intellisense Technology &amp; Intelli Wrap Cuff With Bluetooth Connectivity to Store Historic Measurements,"3.0 out of 5 stars
Good product but some user only",3,"It's quite a convenient to use personal product .Only it's a single user item as the connected mobile app.stores the data of a single individual only unlike most of the other digital health products available in the market today. At this price point, it's a big disappointment.Hope the company revamps the features so that multiple users can use it even with the existing(ready purchased) models.",7600T
Omron Smart Elite+ HEM 7600T Tubeless 360° Accurate Digital Blood Pressure Monitor With Intellisense Technology &amp; Intelli Wrap Cuff With Bluetooth Connectivity to Store Historic Measurements,"5.0 out of 5 stars
No doubt, product is good - very easy to use",5,"Omron HEM7600TPortable, without any one help you can take BP reading,Connectivity is good, without any hassle data automatically transfer to mobile application.Accuracy, I could say 96% by comparing with clasic manual. And  most important it detecte abnormal heart rate.Omron Connect mobile application, is simple but expectations is more in this price point - wish this application could have connect with Garmin connect application.Only one request to Omron, in this price we expected a carrying case, if any one from Omron reading this, please send one carrying case.",7600T
Omron Smart Elite+ HEM 7600T Tubeless 360° Accurate Digital Blood Pressure Monitor With Intellisense Technology &amp; Intelli Wrap Cuff With Bluetooth Connectivity to Store Historic Measurements,"1.0 out of 5 stars
Inacurate",1,"The results are inaccurate, it says 5 year warranty but no way to reach the support team, sincerely... Buy the normal machine with the tube don't buy this stupid thing, luks good in the picture only...",7600T
Omron Smart Elite+ HEM 7600T Tubeless 360° Accurate Digital Blood Pressure Monitor With Intellisense Technology &amp; Intelli Wrap Cuff With Bluetooth Connectivity to Store Historic Measurements,"5.0 out of 5 stars
Good Device & Easy to use",5,The instrument is very easy to use. It shows clear readings and stores in Mobile App. Readings can be accessed easily in App.It is easy to use device. Overall good experience.,7600T
Omron Smart Elite+ HEM 7600T Tubeless 360° Accurate Digital Blood Pressure Monitor With Intellisense Technology &amp; Intelli Wrap Cuff With Bluetooth Connectivity to Store Historic Measurements,"2.0 out of 5 stars
Result not accurate",2,Omron 7130 and Omron HEM 7600T result very different and not accurate. Need to replace HEM 7600T with the traditional omron.,7600T
Omron Smart Elite+ HEM 7600T Tubeless 360° Accurate Digital Blood Pressure Monitor With Intellisense Technology &amp; Intelli Wrap Cuff With Bluetooth Connectivity to Store Historic Measurements,"4.0 out of 5 stars
Really Smart",4,"The Only Portable Upper Arm Blood Pressure Monitor available Online...It is not only Portable it is Accurate too, (Lower Arm Portable Blood Pressure Monitors are not Accurate) it Connects easily with my mobile via blutooth and saves all readings,It is also Light weight and Doctors also use this product..But it is Costly..and it connects only with One device at a time..",7600T
Omron Smart Elite+ HEM 7600T Tubeless 360° Accurate Digital Blood Pressure Monitor With Intellisense Technology &amp; Intelli Wrap Cuff With Bluetooth Connectivity to Store Historic Measurements,"5.0 out of 5 stars
A top of the line BP monitor",5,"I have tried and tested other BP monitors, and found inconsistent results, thought of giving up on electronic blood pressure monitors. I came across the reviews of the Omron HEM7600T, I purchased it immediately and now I can say that it is one of my few satisfying purchases. The machine is efficient, claiming to have “Intellisense” technology. It has no tubes, nothing to connect to. Cuff is adequately sized, which enables to measure the blood pressure of all sized people. It senses the pulse accurately and is so sensitive, it is able to pick up ambience noise and report an error. It’s compact and convenient, easy to carry around. I compared the readings with other mercury containing instruments and found it to be closest in accuracy. I liked everything about this instrument, except two not so good features: Omron seriously misses a carrying case, and it’s price, which is a bit steeper. However, a nice case at this price could have compensated the heartburn caused by burnt wallet.",7600T
Omron Smart Elite+ HEM 7600T Tubeless 360° Accurate Digital Blood Pressure Monitor With Intellisense Technology &amp; Intelli Wrap Cuff With Bluetooth Connectivity to Store Historic Measurements,"5.0 out of 5 stars
Really Good Monitor",5,Really good BP Monitor… quite accurate… very handy and easy to use… all data is recorded in the app on the phone… worth buying,7600T
Omron Smart Elite+ HEM 7600T Tubeless 360° Accurate Digital Blood Pressure Monitor With Intellisense Technology &amp; Intelli Wrap Cuff With Bluetooth Connectivity to Store Historic Measurements,"5.0 out of 5 stars
Great combination of technology and comfort and accuracy",5,"Great product a good combination of technology, comfort, Simplicity and accuracy. Build quality is really good and nice design. In app tracking helps in keeping BP trend in check. Using it from last 6 months and don’t see any issues.",7600T
Omron Smart Elite+ HEM 7600T Tubeless 360° Accurate Digital Blood Pressure Monitor With Intellisense Technology &amp; Intelli Wrap Cuff With Bluetooth Connectivity to Store Historic Measurements,"3.0 out of 5 stars
Buy it if you can afford it! But there is catch!!!",3,"Buy it if you can afford it.It's easier to use, one can use it without help of another person.The sync works well depending on ecosystem , the readings can be seamlessly synced with Apple Health app and sync with S health app is by far the worst experience I ever had. If you intend to use it with Samsung Health app, forget it. The data can exported hassle-free into a excel sheet, it works both on Samsung and Apple phones.Support for Google Fit is totally absent for this model.Major downside I see is, it only supports single user profile. I wish it had an option to support multiple user profiles.I re-wrote the review and down rated the review from 5 to 3 stars because of the after sales support and it totally failed to support Samsung Health.",7600T
Omron Smart Elite+ HEM 7600T Tubeless 360° Accurate Digital Blood Pressure Monitor With Intellisense Technology &amp; Intelli Wrap Cuff With Bluetooth Connectivity to Store Historic Measurements,"1.0 out of 5 stars
Product Got Error",1,Error in only 4 months. Service center only in vadodara.,7600T
Omron Smart Elite+ HEM 7600T Tubeless 360° Accurate Digital Blood Pressure Monitor With Intellisense Technology &amp; Intelli Wrap Cuff With Bluetooth Connectivity to Store Historic Measurements,"2.0 out of 5 stars
Easy to use, accurate BP monitor, but very buggy software",2,"BP Monitor is easy to use - one button press and it auto-inflates the cuff, measures blood pressure and pulse rate. Auto adjustable cuff is easy to wear. Pretty noiseless operation. Very minimal sound during inflation. Plus one-touch sync with the Omron mobile app, is very helpful to monitor trend over time.Desirable - User profiles on the mobile app. There is no way to attach readings to a user. All readings get attached to one user.After using this product for 2+ years, I will revise the rating to 2 stars. Device is good, convenient to use and accurate. (Cross-checked with spygmomanometer). But the software is just HORRIBLE! Every time they update the mobile app, all recorded data is gone! You have to disconnect the device, and re-add it.Auto-sync used to work initially. But then they messed up the app and it doesn't auto-sync anymore. Manual snyc works sometimes. Doesn't most of the time. Have to remove and re-add the device every time I have to sync. What a pain!That defeats the whole purpose of buying a premium device, if it cannot maintain readings history. Might as well buy a cheap device and note down readings in an excel sheet!",7600T
Omron Smart Elite+ HEM 7600T Tubeless 360° Accurate Digital Blood Pressure Monitor With Intellisense Technology &amp; Intelli Wrap Cuff With Bluetooth Connectivity to Store Historic Measurements,"5.0 out of 5 stars
Great technology by Omron to have a Tubless Blood pressure ...",5,"Great technology by Omron to have a Tubless Blood pressure monitor, its arrived today and it works fine. Albeit very expensive, the product is top-notch.Connectivity with the Omron application worked well. One suggestion is that there should have been profiles in the application where the user can bifurcate its own readings with any other person accessing the BP Monitor.Also Omron should realize that since that product is expensive as compared to anything else provided in the home consumer market, they should be providing a small bag by which we are able to fit & carry it.The huge plus point of this product is the portability but it really doesn't make sense to directly put in a bag as there could be a risk of the product getting damaged.",7600T
Omron Smart Elite+ HEM 7600T Tubeless 360° Accurate Digital Blood Pressure Monitor With Intellisense Technology &amp; Intelli Wrap Cuff With Bluetooth Connectivity to Store Historic Measurements,"5.0 out of 5 stars
Innovative design.",5,Highly convenient & user friendly product! Less time taking for the whole process of taking measurements. Maintains record of readings automatically.,7600T
Omron Smart Elite+ HEM 7600T Tubeless 360° Accurate Digital Blood Pressure Monitor With Intellisense Technology &amp; Intelli Wrap Cuff With Bluetooth Connectivity to Store Historic Measurements,"1.0 out of 5 stars
You will be at risk",1,"The accuracy of this machine is very bad. For me it shows very low readings. When actual blood pressure is 140/80, it shows 122/70.  I took this meter to max hospital to calibrate. They told not to use it.I also see other reviews in amazon that for some people the reading is higher than actual. That means, for some people it may be higher and for others it may be lower than actual.This shows, there is design fault with this device because unlike other instruments, it try to measure the blood pressure during inflation to save time. It seems giving this problem. But whatever reading it shows is always consistent. That is, it is consistently inaccurate. One of my observation is that the accuracy of this instrument depends on your pulse rate. For those who have lower pulse rate (<60), it shows lower reading than actual. For those who have high pulse rate (>80), it shows high. Those who take blood pressure medications, their pulse rate will be low. Hence for those patients it is very risky to use this instrument.I had another old omron blood pressure meter (SEM-1). It showed me the actual reading matching with Hospital instruments, however Diastolic was wrong.  I recommend buying Buerer BM  54 with bluetooth. It is very small in size a easily portable and take less space than this one. It is accurate too. My  10,000 Rs simply wasted. Now I am using it as a stand to support my mobile phone during video call !!!.",7600T
Omron Smart Elite+ HEM 7600T Tubeless 360° Accurate Digital Blood Pressure Monitor With Intellisense Technology &amp; Intelli Wrap Cuff With Bluetooth Connectivity to Store Historic Measurements,"4.0 out of 5 stars
Transfer of data and records accessibility can be made more easy to operate",4,"Quite satisfied with the quality , some times difference of 10 points from the mercury one but afterall a handy good product for self measurements.Only drawback is a bit difficulty in operating through Mobile or tablet .. difficulty in generating 30 days track record for reference.",7600T
Omron Smart Elite+ HEM 7600T Tubeless 360° Accurate Digital Blood Pressure Monitor With Intellisense Technology &amp; Intelli Wrap Cuff With Bluetooth Connectivity to Store Historic Measurements,"5.0 out of 5 stars
Good instrument, very useful",5,For measuring bp,7600T
Omron Smart Elite+ HEM 7600T Tubeless 360° Accurate Digital Blood Pressure Monitor With Intellisense Technology &amp; Intelli Wrap Cuff With Bluetooth Connectivity to Store Historic Measurements,"5.0 out of 5 stars
Excellent",5,Excellent & would highly recommend. Had taken it to my GP n measured simultaneously when he was measuring and it was on point 3 times of such checking. Very accurate & very easy to use.,7600T
Omron Smart Elite+ HEM 7600T Tubeless 360° Accurate Digital Blood Pressure Monitor With Intellisense Technology &amp; Intelli Wrap Cuff With Bluetooth Connectivity to Store Historic Measurements,"5.0 out of 5 stars
Works like a Charm !",5,"Thank you cloudtail for same day shipping and a Quality Product. It's made Japan, including the Duracell Batteries (written not for sale and Japanese writings and totally sealed batteries). Packing could be better by Amazon. And works great out of the box. Readings are near accurate when tested back to back with a manual BP meter. OLED display is an eye candy. Overall very happy with this machine and got this for my grandmother and it was very easy for her to use by herself.",7600T
Omron Smart Elite+ HEM 7600T Tubeless 360° Accurate Digital Blood Pressure Monitor With Intellisense Technology &amp; Intelli Wrap Cuff With Bluetooth Connectivity to Store Historic Measurements,"5.0 out of 5 stars
Good",5,Easy to setup and sync with mobile app. Readings are ok and not sure about the deviation if any yet.,7600T
Omron Smart Elite+ HEM 7600T Tubeless 360° Accurate Digital Blood Pressure Monitor With Intellisense Technology &amp; Intelli Wrap Cuff With Bluetooth Connectivity to Store Historic Measurements,"3.0 out of 5 stars
Nothing wrong with the product, read my perceptions on why the 3 star rating.",3,"Okay, at the onset, probably my expectations were too high as this was my first blue-tooth enabled BP apparatus. To start with, there’s no individual profile that can be created in the software. So it's not possible to distinguish readings of multiple people if taken. Biggest disappointment. Secondly, I haven’t been able to sync the device once I switch it off after taking a reading. Putting it on again only forces you to do another test. Haven't figured out how to sync by using the sync button. That's the reason for the 3 stars.  All app related. The product itself is awesome. Just hope that Omron betters the app to make sync easier and also create profiles within the app.",7600T
Omron Smart Elite+ HEM 7600T Tubeless 360° Accurate Digital Blood Pressure Monitor With Intellisense Technology &amp; Intelli Wrap Cuff With Bluetooth Connectivity to Store Historic Measurements,"4.0 out of 5 stars
This is the one you should get",4,"Expensive, yes. But it is accurate and super quick to use—meaning you are far more likely to use it regularly. I could not get it to transmit the readings to the phone app though. Don't buy it for that feature. You will have to manually record your readings in your health app.",7600T
Omron Smart Elite+ HEM 7600T Tubeless 360° Accurate Digital Blood Pressure Monitor With Intellisense Technology &amp; Intelli Wrap Cuff With Bluetooth Connectivity to Store Historic Measurements,"5.0 out of 5 stars
This is the best blood pressure monitor i have ever used",5,"First of all, this omron blood monitor is very easy to use as there is no wire etc, secondly it is very attractive in looks, and the most important thing is that it is very very accurate and always gives right results",7600T
Omron Smart Elite+ HEM 7600T Tubeless 360° Accurate Digital Blood Pressure Monitor With Intellisense Technology &amp; Intelli Wrap Cuff With Bluetooth Connectivity to Store Historic Measurements,"4.0 out of 5 stars
Accuracy of readings matters..,Ease of use,Best value for money spent on omron",4,One of the best product accuracy.Ease of use..Value for money,7600T
Omron Smart Elite+ HEM 7600T Tubeless 360° Accurate Digital Blood Pressure Monitor With Intellisense Technology &amp; Intelli Wrap Cuff With Bluetooth Connectivity to Store Historic Measurements,"5.0 out of 5 stars
Very good",5,Very good. The cuff can accommodate XXL size arms and bigger. It would have been better if the app had the provision to maintain the data of multiple users. The results are more accurate than other similar machines.,7600T
Omron Smart Elite+ HEM 7600T Tubeless 360° Accurate Digital Blood Pressure Monitor With Intellisense Technology &amp; Intelli Wrap Cuff With Bluetooth Connectivity to Store Historic Measurements,"5.0 out of 5 stars
Very easy to use",5,Very easy to use and is accurate.Easily syncs data with mobile app,7600T
Omron Smart Elite+ HEM 7600T Tubeless 360° Accurate Digital Blood Pressure Monitor With Intellisense Technology &amp; Intelli Wrap Cuff With Bluetooth Connectivity to Store Historic Measurements,"5.0 out of 5 stars
Good",5,Excellent  product 👌,7600T
Omron Smart Elite+ HEM 7600T Tubeless 360° Accurate Digital Blood Pressure Monitor With Intellisense Technology &amp; Intelli Wrap Cuff With Bluetooth Connectivity to Store Historic Measurements,"3.0 out of 5 stars
Accuracy same as low cost model but really easy to use",3,"It seems to me that the accuracy of this model is really questionable. Perhaps  it's accuracy  is similar to other low cost model of the same manufacturer. So, my suggestion is that you may buy it as it is easy to use but do not spend  this much money for this only.",7600T
Omron Smart Elite+ HEM 7600T Tubeless 360° Accurate Digital Blood Pressure Monitor With Intellisense Technology &amp; Intelli Wrap Cuff With Bluetooth Connectivity to Store Historic Measurements,"5.0 out of 5 stars
Omron easy and accurate",5,It does well for giving you an accurate readings of your blood pressure and ensures you are being handling your health appropriately.You have to download the app for details lest it give current readings only,7600T
Omron Smart Elite+ HEM 7600T Tubeless 360° Accurate Digital Blood Pressure Monitor With Intellisense Technology &amp; Intelli Wrap Cuff With Bluetooth Connectivity to Store Historic Measurements,"5.0 out of 5 stars
Bluetooth connectivity to store readings on phone very helpful",5,The fact that the readings can be downloaded to the Omron app using Bluetooth is very helpful. It helps keep a track of howbthe BP is varying across multiple days. In general the device is light weight and easy to use. Consequtive readings do tend to vary a bit.,7600T
Omron Smart Elite+ HEM 7600T Tubeless 360° Accurate Digital Blood Pressure Monitor With Intellisense Technology &amp; Intelli Wrap Cuff With Bluetooth Connectivity to Store Historic Measurements,"5.0 out of 5 stars
Great product and perfect reading",5,Great product and perfect reading,7600T
Omron Smart Elite+ HEM 7600T Tubeless 360° Accurate Digital Blood Pressure Monitor With Intellisense Technology &amp; Intelli Wrap Cuff With Bluetooth Connectivity to Store Historic Measurements,"5.0 out of 5 stars
Pros-Compact, easy to use , Bluetooth feature excellent.",5,"Accuracy for systolic is +10 , while diastolic is accurate. Very easy to use. Bluetooth feature helps in keeping your data on phone. Multiple users possible but need to download the app on each of the phones. A bit pricy compared to previous models. Completely satisfied with the product.",7600T
Omron Smart Elite+ HEM 7600T Tubeless 360° Accurate Digital Blood Pressure Monitor With Intellisense Technology &amp; Intelli Wrap Cuff With Bluetooth Connectivity to Store Historic Measurements,"5.0 out of 5 stars
Most convenient and easy to use.",5,"I think the product should come with a pouch at least,’considering the cost but otherwise it is good and i have checked it against my cardiologist’s sphygmomanometer and it now almost the same.Very happy.",7600T
Omron Smart Elite+ HEM 7600T Tubeless 360° Accurate Digital Blood Pressure Monitor With Intellisense Technology &amp; Intelli Wrap Cuff With Bluetooth Connectivity to Store Historic Measurements,"4.0 out of 5 stars
Totally worth it",4,As a heart patient monitoring my BP regularly is essential and a manual meter is too much of a hassle. This has solved my problem and its so easy to take multiple readings in a day. Its also pretty accurate. Its totally worth it for me.,7600T
Omron Smart Elite+ HEM 7600T Tubeless 360° Accurate Digital Blood Pressure Monitor With Intellisense Technology &amp; Intelli Wrap Cuff With Bluetooth Connectivity to Store Historic Measurements,"5.0 out of 5 stars
Very handy to use.",5,"Very handy to use, give accurate measurements. Already had a omron no machine, so had double checked with both the machine, reading were Pretty much the same. Very handy and travel friendly. Must buy.",7600T
Omron Smart Elite+ HEM 7600T Tubeless 360° Accurate Digital Blood Pressure Monitor With Intellisense Technology &amp; Intelli Wrap Cuff With Bluetooth Connectivity to Store Historic Measurements,"5.0 out of 5 stars
Precise and Conveniently Useful",5,It’s very accurate being tubeless and being able to easily keep track of my progress on my iphone while dieting and exercising is very helpful :). Another thing is the cuff - it easily snaps on properly.,7600T
Omron Smart Elite+ HEM 7600T Tubeless 360° Accurate Digital Blood Pressure Monitor With Intellisense Technology &amp; Intelli Wrap Cuff With Bluetooth Connectivity to Store Historic Measurements,"5.0 out of 5 stars
Top notch product",5,"I bought this product for my parents, since it is essential to monitor their bp readings . This product has simplest way to take readings & with sync button store all readings in app. This device has top notch quality.  Totally deserves 5 star rating.",7600T
Omron Smart Elite+ HEM 7600T Tubeless 360° Accurate Digital Blood Pressure Monitor With Intellisense Technology &amp; Intelli Wrap Cuff With Bluetooth Connectivity to Store Historic Measurements,"5.0 out of 5 stars
Good but over priced",5,A very good product. Readings are pretty accurate. Maybe +- 5 difference. Tried comparing with corded omron device and readings matched. The cuff isn’t soft so fit isn’t 100% perfect. So need to be careful to ensure you put the cuff properly for accurate readings.Over priced in the market. Dealer discount is not passed on to us by amazon,7600T
Omron Smart Elite+ HEM 7600T Tubeless 360° Accurate Digital Blood Pressure Monitor With Intellisense Technology &amp; Intelli Wrap Cuff With Bluetooth Connectivity to Store Historic Measurements,"4.0 out of 5 stars
Great product for large arms and normal arms",4,The blood pressure monitor is easy to use and is quite accurate for a digital apparatus. It is suitable for a wide range of arm sizes which is the USP of this product.,7600T
Omron Smart Elite+ HEM 7600T Tubeless 360° Accurate Digital Blood Pressure Monitor With Intellisense Technology &amp; Intelli Wrap Cuff With Bluetooth Connectivity to Store Historic Measurements,"4.0 out of 5 stars
Good device",4,Easy to use and accurate readingConsolidation of readings and graphs are made without any hassle,7600T
Omron Smart Elite+ HEM 7600T Tubeless 360° Accurate Digital Blood Pressure Monitor With Intellisense Technology &amp; Intelli Wrap Cuff With Bluetooth Connectivity to Store Historic Measurements,"4.0 out of 5 stars
Exllent product",4,Exllent product by OMRON easy to use and valuable. Accuracy in Reading. Easy to handle,7600T
Omron Smart Elite+ HEM 7600T Tubeless 360° Accurate Digital Blood Pressure Monitor With Intellisense Technology &amp; Intelli Wrap Cuff With Bluetooth Connectivity to Store Historic Measurements,"5.0 out of 5 stars
Very easy to use !",5,"A smart application that works very well and synchs perfectly with the mobile app.  It’s great to not have to worry about the “pump and pipes” and just slide your arm in, press a button to start, wait a few seconds, press a button to slide off and you’re done... if you want to synch with your app, just refresh...",7600T
Omron Smart Elite+ HEM 7600T Tubeless 360° Accurate Digital Blood Pressure Monitor With Intellisense Technology &amp; Intelli Wrap Cuff With Bluetooth Connectivity to Store Historic Measurements,"5.0 out of 5 stars
Accurate and quick",5,"Got this on 26th Dec (2019).Quick setup, pairs nicely with Omron Connect app (running on P2XL).Accurate measurements (checked with our other BP monitor (Dr Morepen) and with GP's aneroid setup). If the app is open (and BT connected), the measurements transfer automatically (else can be done with the sync button).The cuff is idiot proof, and easy to lock by a single person.So far, satisfied.",7600T
Omron Smart Elite+ HEM 7600T Tubeless 360° Accurate Digital Blood Pressure Monitor With Intellisense Technology &amp; Intelli Wrap Cuff With Bluetooth Connectivity to Store Historic Measurements,"4.0 out of 5 stars
Ease of use",4,Convenient to use and connectivity to mobile app is good to keep a track of the results.,7600T
Omron Smart Elite+ HEM 7600T Tubeless 360° Accurate Digital Blood Pressure Monitor With Intellisense Technology &amp; Intelli Wrap Cuff With Bluetooth Connectivity to Store Historic Measurements,"5.0 out of 5 stars
Excellent blood pressure monitor.",5,This blood pressure monitor is simply awesome and very easy to use and carry. Accuracy also perfect. I will highly recommend this brilliant product of Omron to all those who need quality blood pressure monitor.,7600T
Omron Smart Elite+ HEM 7600T Tubeless 360° Accurate Digital Blood Pressure Monitor With Intellisense Technology &amp; Intelli Wrap Cuff With Bluetooth Connectivity to Store Historic Measurements,"5.0 out of 5 stars
Very nice product .easy to use",5,This product from omron is unbelievable good one. Accuracy is as per standard. As it is tubeless so very comfortable one can check/monitor BP level. Till now no error I was found.Thanks.,7600T
Omron Smart Elite+ HEM 7600T Tubeless 360° Accurate Digital Blood Pressure Monitor With Intellisense Technology &amp; Intelli Wrap Cuff With Bluetooth Connectivity to Store Historic Measurements,"5.0 out of 5 stars
Best product for regular use",5,"Easy to carry, help to measure BP if you are alone",7600T
Omron Smart Elite+ HEM 7600T Tubeless 360° Accurate Digital Blood Pressure Monitor With Intellisense Technology &amp; Intelli Wrap Cuff With Bluetooth Connectivity to Store Historic Measurements,"5.0 out of 5 stars
It has very small life",5,It will last… hardly for an year. It’s repairing cost will be almost of new piece cost. So not a recommended product for buyers,7600T
Omron Smart Elite+ HEM 7600T Tubeless 360° Accurate Digital Blood Pressure Monitor With Intellisense Technology &amp; Intelli Wrap Cuff With Bluetooth Connectivity to Store Historic Measurements,"5.0 out of 5 stars
User friendly precision product",5,I can use this without requiring any help from others. The historic reading data archive and trend charting is a great feature and if you can afford it then you should definitely consider buying it. It is not suitable for athletic usage like keeping it continuously on etc.,7600T
Omron Smart Elite+ HEM 7600T Tubeless 360° Accurate Digital Blood Pressure Monitor With Intellisense Technology &amp; Intelli Wrap Cuff With Bluetooth Connectivity to Store Historic Measurements,"4.0 out of 5 stars
Good product but dearer.",4,I like it but it is dearer product.,7600T
Omron Smart Elite+ HEM 7600T Tubeless 360° Accurate Digital Blood Pressure Monitor With Intellisense Technology &amp; Intelli Wrap Cuff With Bluetooth Connectivity to Store Historic Measurements,"3.0 out of 5 stars
Not dependable",3,Accuracy is questionable. High price tag.,7600T
Omron Smart Elite+ HEM 7600T Tubeless 360° Accurate Digital Blood Pressure Monitor With Intellisense Technology &amp; Intelli Wrap Cuff With Bluetooth Connectivity to Store Historic Measurements,"5.0 out of 5 stars
It is expensive but accurate",5,The most reliable blood pressure machine I have ever come across. The reading is accurate every time. Maybe because the technology is different than normal blood pressure machines which have pipe.,7600T
Omron Smart Elite+ HEM 7600T Tubeless 360° Accurate Digital Blood Pressure Monitor With Intellisense Technology &amp; Intelli Wrap Cuff With Bluetooth Connectivity to Store Historic Measurements,"1.0 out of 5 stars
Variation",1,There is a lot of variation in readings,7600T
Omron Smart Elite+ HEM 7600T Tubeless 360° Accurate Digital Blood Pressure Monitor With Intellisense Technology &amp; Intelli Wrap Cuff With Bluetooth Connectivity to Store Historic Measurements,"5.0 out of 5 stars
Best blood pressure monitor in the market. Price is justified by the quality of the product.",5,It’s accurate and easy to use. Fantastic app to keep the data at one place.,7600T
Omron Smart Elite+ HEM 7600T Tubeless 360° Accurate Digital Blood Pressure Monitor With Intellisense Technology &amp; Intelli Wrap Cuff With Bluetooth Connectivity to Store Historic Measurements,"2.0 out of 5 stars
PPOOR SHOW BY OMRON",2,0MRON HEM 7600 T WAS THE THIRD BP  MONITOR I BOUGHT IN LAST FEW YEARS. THIS IS HIGH PRICED. THE READINGS APPEAR TO BE LOWER( AT LEAST 10 POINTS) THAN WHAT YOU FEEL IN YOUR BODY. I COMPARED THE READINGS WITH HEM 7130L WHICH I BOUGHT A FEW YEARS BACK.I REQUEST OMRON TO REPLACE MY HEM 7600 T MONITOR AS I DO NOT TRUST THIS MONITOR.I HOPE THEY GIVE ME A PRODUCT WHICH I COULD TRUST WITH MY HEART.,7600T
Omron Smart Elite+ HEM 7600T Tubeless 360° Accurate Digital Blood Pressure Monitor With Intellisense Technology &amp; Intelli Wrap Cuff With Bluetooth Connectivity to Store Historic Measurements,"5.0 out of 5 stars
Very easy to use",5,"This product is very very easy to use. Unlike other monitors, where arm band has to be aligned in perticular way to get correct result, this can be used in any position.",7600T
Omron Smart Elite+ HEM 7600T Tubeless 360° Accurate Digital Blood Pressure Monitor With Intellisense Technology &amp; Intelli Wrap Cuff With Bluetooth Connectivity to Store Historic Measurements,"5.0 out of 5 stars
Easy to use and modern equipment with data transfer technology",5,Modern technology with data transfer capability with iPhone. Easy to use. But little bit expensive. If omron provide a hard case along with it ; it will be better.,7600T
Omron Smart Elite+ HEM 7600T Tubeless 360° Accurate Digital Blood Pressure Monitor With Intellisense Technology &amp; Intelli Wrap Cuff With Bluetooth Connectivity to Store Historic Measurements,"5.0 out of 5 stars
Wonderful product,Application need to provide to log readings for multiple users",5,"Wonderful product,Application need to provide to log readings for multiple users",7600T
Omron Smart Elite+ HEM 7600T Tubeless 360° Accurate Digital Blood Pressure Monitor With Intellisense Technology &amp; Intelli Wrap Cuff With Bluetooth Connectivity to Store Historic Measurements,"1.0 out of 5 stars
Inadequate and wrong report",1,The product is showing wrong results,7600T
Omron Smart Elite+ HEM 7600T Tubeless 360° Accurate Digital Blood Pressure Monitor With Intellisense Technology &amp; Intelli Wrap Cuff With Bluetooth Connectivity to Store Historic Measurements,"1.0 out of 5 stars
A Japanese product by name and not be character",1,"Japanese suppliers are known for quality over everything else. However, be prepared for this product to be defective, not connect to your Bluetooth, and for Amazon to delay responding to the issue for as long as possible. You can get a decent BP reading, but can't do anything else as this does not connect due to a firmware bug or a flashing error.",7600T
Omron Smart Elite+ HEM 7600T Tubeless 360° Accurate Digital Blood Pressure Monitor With Intellisense Technology &amp; Intelli Wrap Cuff With Bluetooth Connectivity to Store Historic Measurements,"4.0 out of 5 stars
Connectivity",4,Bp monitoring,7600T
Omron Smart Elite+ HEM 7600T Tubeless 360° Accurate Digital Blood Pressure Monitor With Intellisense Technology &amp; Intelli Wrap Cuff With Bluetooth Connectivity to Store Historic Measurements,"5.0 out of 5 stars
A good product from a trusted brand.",5,"C9mpact, easy to use, updates the app immediately. Compact",7600T
Omron Smart Elite+ HEM 7600T Tubeless 360° Accurate Digital Blood Pressure Monitor With Intellisense Technology &amp; Intelli Wrap Cuff With Bluetooth Connectivity to Store Historic Measurements,"5.0 out of 5 stars
Totally Trilled",5,An absolutely fantastic BP monitor. Writing this review almost after an year of usage. Works like wonder. Extremely easy to sync with ur phone. I m using an iPhone and works perfect with the app.Recommend it to any one who is hypertensive.,7600T
Omron Smart Elite+ HEM 7600T Tubeless 360° Accurate Digital Blood Pressure Monitor With Intellisense Technology &amp; Intelli Wrap Cuff With Bluetooth Connectivity to Store Historic Measurements,"1.0 out of 5 stars
Incorrect Reading",1,"This device is not working correctly. As I have checked many times and cross checked with my family Doctor's machine for satisfaction that device is okay or not, this device providing the wrong reading.It's just a waste of money. Please do not buy",7600T
Omron Smart Elite+ HEM 7600T Tubeless 360° Accurate Digital Blood Pressure Monitor With Intellisense Technology &amp; Intelli Wrap Cuff With Bluetooth Connectivity to Store Historic Measurements,"4.0 out of 5 stars
The bill. Not signed or stamped for extended warrrenty.",4,The BP monitor is great... Easy to use and no need for holding the machine or removing then applying.... But the bill for 5 yr extended warrrenty was neither signed or stamped... I am disappointed fr that.,7600T
Omron Smart Elite+ HEM 7600T Tubeless 360° Accurate Digital Blood Pressure Monitor With Intellisense Technology &amp; Intelli Wrap Cuff With Bluetooth Connectivity to Store Historic Measurements,"5.0 out of 5 stars
Excellent",5,Excellent and hassle free,7600T
Omron Smart Elite+ HEM 7600T Tubeless 360° Accurate Digital Blood Pressure Monitor With Intellisense Technology &amp; Intelli Wrap Cuff With Bluetooth Connectivity to Store Historic Measurements,"5.0 out of 5 stars
Very good quality Blood pressure monitor",5,"I bought  Omron Smart Elite+ HEM 7600T in May 2019 , till date i have taken at least  20 readings and all are consistent. . The data also get transferred to my mobile . The equipment working very well . Very happy with overall performance .",7600T
Omron Smart Elite+ HEM 7600T Tubeless 360° Accurate Digital Blood Pressure Monitor With Intellisense Technology &amp; Intelli Wrap Cuff With Bluetooth Connectivity to Store Historic Measurements,"4.0 out of 5 stars
Easy to use ...as per quality ⭐⭐⭐⭐⭐",4,As per rate litt...bit costly,7600T
Omron Smart Elite+ HEM 7600T Tubeless 360° Accurate Digital Blood Pressure Monitor With Intellisense Technology &amp; Intelli Wrap Cuff With Bluetooth Connectivity to Store Historic Measurements,"5.0 out of 5 stars
Easy to use",5,Good looking,7600T
Omron Smart Elite+ HEM 7600T Tubeless 360° Accurate Digital Blood Pressure Monitor With Intellisense Technology &amp; Intelli Wrap Cuff With Bluetooth Connectivity to Store Historic Measurements,"5.0 out of 5 stars
Good product",5,Good product. Gives readings accurate most of the times. Compared the reading with manually operated blood pressure kit. It gives a signal when it fits properly in arm. However there are few instances when the readings didn't match with manual kit but margin of error is much less compared to other products.,7600T